"phase","institution","filename","status","bytes","url","retrieved","error"
"1","UBC Vancouver","2021_UBCV_Climate-Action-Plan-2030-CAP2030.pdf","SKIPPED","10954751","https://planning.ubc.ca/sites/default/files/2021-12/UBCV_CAP2030_FINAL.pdf","2026-08-14T15:19:57",""
"1","UBC Vancouver","2024_UBCV_Neighbourhood-Climate-Action-Plan-NCAP-+-appendices.pdf","SKIPPED","21613659","https://planning.ubc.ca/sites/default/files/2024-06/Neighbourhood%20Climate%20Action%20Plan_FINALforweb.pdf","2026-08-14T15:20:32",""
"1","UBC Vancouver","2024_UBCV_NCAP-Action-Matrix.pdf","SKIPPED","350624","https://planning.ubc.ca/sites/default/files/2024-05/NCAP%20Action%20Matrix_May%202024_1.pdf","2026-08-14T15:20:32",""
"1","UBC Vancouver","2026_UBCV_NCAP-2025-Progress-Update-Appendix.pdf","SKIPPED","7407053","https://planning.ubc.ca/sites/default/files/2026-06/NCAP%20Progress%20Update_June%202026_AppendixFull_0.pdf","2026-08-14T15:20:41",""
"1","UBC Vancouver","2024_UBCV_Climate-Risk-Vulnerability-Assessment-Summary-Report.pdf","SKIPPED","10116813","https://planning.ubc.ca/sites/default/files/2024-05/BARC_UBC_VRA_Summary-Report_April17_final.pdf","2026-08-14T15:21:04",""
"1","UBC Vancouver","2023_UBCV_UBC-Climate-Science-Report.pdf","SKIPPED","1479114","https://planning.ubc.ca/sites/default/files/2024-05/UBC%20Climate%20Science%20Report_FINAL_Nov%202023.pdf","2026-08-14T15:21:06",""
"1","UBC Vancouver","2023_UBCV_Neighbourhood-Transportation-GHG-Emissions-Study.pdf","SKIPPED","987863","https://planning.ubc.ca/sites/default/files/2024-05/UBC_Neighbourhood_Transportation_Emissions_07-25-2023.pdf","2026-08-14T15:21:10",""
"1","UBC Vancouver","2024_UBCV_Climate-Justice-in-Transportation-Planning-Final-Report.pdf","SKIPPED","2828884","https://planning.ubc.ca/sites/default/files/2024-05/UC3%20Final%20Report_Final%20Draft.pdf","2026-08-14T15:21:13",""
"1","UBC Vancouver","2024_UBCV_Sub-Report-Transportation-Planning-Practices-at-UBC.pdf","SKIPPED","7180836","https://planning.ubc.ca/sites/default/files/2024-05/UC3%20Sub-Report%20on%20Transportation%20Planning%20at%20UBC_Final%20Draft.pdf","2026-08-14T15:21:21",""
"1","UBC Vancouver","2025_UBCV_Transportation-Status-Report-2024.pdf","SKIPPED","1124625","https://planning.ubc.ca/sites/default/files/2025-07/UBC2024-TransportationStatusReport.pdf","2026-08-14T15:21:23",""
"1","UBC Vancouver","2018_UBCV_Green-Building-Action-Plan-Full.pdf","SKIPPED","12823190","https://planning.ubc.ca/sites/default/files/2019-11/PLAN_UBC_Green_Building_Action_Plan_Full.pdf","2026-08-14T15:21:44",""
"1","UBC Vancouver","2018_UBCV_Green-Building-Action-Plan-Institutional-component.pdf","SKIPPED","18076695","https://planning.ubc.ca/sites/default/files/2019-11/PLAN_UBC_Green_Building_Action_InstitutionalGBAP.pdf","2026-08-14T15:22:10",""
"1","UBC Vancouver","2018_UBCV_Green-Building-Action-Plan-Action-Appendices.pdf","SKIPPED","7878335","https://planning.ubc.ca/sites/default/files/2019-11/PLAN_UBC_Green_Building_Action_ActionAppendices.pdf","2026-08-14T15:22:21",""
"1","UBC Vancouver","2019_UBCV_Water-Action-Plan.pdf","SKIPPED","1938396","https://planning.ubc.ca/sites/default/files/2019-11/PLANS_UBC_WaterActionPlan.pdf","2026-08-14T15:22:24",""
"1","UBC Vancouver","2017_UBCV_Integrated-Stormwater-Management-Plan.pdf","FAILED","0","https://planning.ubc.ca/sites/default/files/2019-11/PLAN_UBC_ISMP_Final2017.pdf","2026-08-18T14:14:41","The remote server returned an error: (404) Not Found."
"1","UBC Vancouver","2023_UBCV_Zero-Waste-Action-Plan-2030.pdf","SKIPPED","6048321","https://planning.ubc.ca/sites/default/files/2023-08/230608_ZWAP.pdf","2026-08-14T15:22:35",""
"1","UBC Vancouver","2025_UBCV_UBC-GHG-Inventory-2025.pdf","SKIPPED","481717","https://sustain.ubc.ca/sites/default/files/files/UBCV_GHG_Inventory_2025.pdf","2026-08-14T15:22:36",""
"1","UBC Vancouver","2025_UBCV_Climate-Change-Accountability-Report-CCAR-2025.pdf","SKIPPED","7071647","https://sustain.ubc.ca/sites/default/files/files/2025%20CCAR.pdf","2026-08-14T15:22:43",""
"1","UBC Vancouver","2024_UBCV_2024-PSO-CCAR-gov.bc.ca-mirror.pdf","SKIPPED","6603372","https://www2.gov.bc.ca/assets/gov/environment/climate-change/cnar/2024/ps/ubc_2024_ccar.pdf","2026-08-14T15:22:51",""
"1","UBC Vancouver","2023_UBCV_TCFD-Climate-Related-Financial-Disclosure-Report-FY2023.pdf","SKIPPED","12268791","https://sustain.ubc.ca/sites/default/files/files/MASTER_TDFC_UBC_2023_FINAL.pdf","2026-08-14T15:23:05",""
"1","UBC Vancouver","2023_UBCV_TogetherEnsemble-at-UBC-Indigenous-lens-report.pdf","SKIPPED","574972","https://sustain.ubc.ca/sites/default/files/TE-Report-Web.pdf","2026-08-14T15:23:06",""
"1","UBC Vancouver","2022_UBCV_Sustainability-Hub-Strategic-Plan-2022-2027.pdf","SKIPPED","2909015","https://sustain.ubc.ca/sites/default/files/Sustainability-Hub-Strategic-Plan-Web.pdf","2026-08-14T15:23:10",""
"1","UBC Vancouver","nd_UBCV_Transforming-Sustainability-Education-at-UBC.pdf","SKIPPED","1015455","https://sustain.ubc.ca/sites/sustain.ubc.ca/files/uploads/images/teaching_learning/transforming-sustainability-education-at-ubc-desired-student-attributes-and-pathways-for-implementat.pdf","2026-08-14T15:23:11",""
"1","UBC Vancouver","2021_UBCV_Wellbeing-Strategic-Framework-Roadmap-Dashboard.pdf","FAILED","0","https://wellbeing.ubc.ca/sites/wellbeing.ubc.ca/files/u1582/WSF%20Roadmap%20Dashboard_18Oct2021.pdf","2026-08-18T14:14:45","The remote server returned an error: (404) Not Found."
"1","UBC Vancouver","nd_UBCV_Campus-Urban-Biodiversity-Strategic-CUBS-Plan.pdf","SKIPPED","196163","https://sustain.ubc.ca/sites/default/files/SEEDS%20Uploads/Campus%20Urban%20Biodiversity%20Strategic%20(CUBS)%20Plan.pdf","2026-08-14T15:23:15",""
"1","UBC Vancouver","nd_UBCV_UBC-Biodiversity-Annual-Report.pdf","SKIPPED","3098645","https://sustain.ubc.ca/sites/sustain.ubc.ca/files/SEEDS%20Uploads/UBC_BiodiversityAnnualReport_FINAL.pdf","2026-08-14T15:23:18",""
"1","UBC Vancouver","2024_UBCV_AMS-Waste-Audit-Report.pdf","SKIPPED","7078514","https://www.ams.ubc.ca/wp-content/uploads/2024/04/Waste-Audit-Final-Report-2024-1.pdf","2026-08-14T15:23:26",""
"1","UBC Vancouver","nd_UBCV_UBC-Food-System-Asset-Map.pdf","SKIPPED","5554850","https://sustain.ubc.ca/sites/default/files/seedslibrary/LFS%20450_Project_07_Food%20Asset%20Map_2ndSubmission_FinalReport.pdf","2026-08-14T15:23:33",""
"1","UBC Okanagan","2021_UBCO_UBCO-Climate-Action-Plan-2030-Final.pdf","SKIPPED","3105277","https://sustain.ok.ubc.ca/wp-content/uploads/sites/207/2025/05/2021-UBCO-CAP-2030-Final-web-1.pdf","2026-08-14T15:23:37",""
"1","UBC Okanagan","2021_UBCO_UBCO-CAP-2030-Public-Engagement-Summary-Report.pdf","SKIPPED","1152556","https://sustain.ok.ubc.ca/wp-content/uploads/sites/207/2025/05/UBCO-CAP-2030-Summary-Report.pdf","2026-08-14T15:23:38",""
"1","UBC Okanagan","2023_UBCO_UBCO-Climate-Adaptation-Resilience-Biodiversity-CARB-Strategy.pdf","SKIPPED","3788287","https://sustain.ok.ubc.ca/wp-content/uploads/sites/207/2025/05/UBCO-CARB-Strategy-compressed.pdf","2026-08-14T15:23:42",""
"1","UBC Okanagan","2024_UBCO_Okanagan-Food-GHG-Baseline-Project.pdf","SKIPPED","563030","https://sustain.ok.ubc.ca/wp-content/uploads/sites/207/2025/01/Okanagan-Food-GHG-Baseline-Project.pdf","2026-08-14T15:23:43",""
"1","UBC Okanagan","2024_UBCO_Intercampus-Air-Travel-SEEDS-Study.pdf","SKIPPED","2511299","https://sustain.ok.ubc.ca/wp-content/uploads/sites/207/2025/01/Reducing-Greenhouse-Gas-Emissions.pdf","2026-08-14T15:23:46",""
"1","UBC Okanagan","2024_UBCO_Post-Pandemic-Climate-Engagement-Report.pdf","SKIPPED","630418","https://sustain.ok.ubc.ca/wp-content/uploads/sites/207/2025/01/Community-Engagement-Strategies-for-Climate-Change.pdf","2026-08-14T15:23:47",""
"1","UBC Okanagan","2023_UBCO_UBCO-CAP-2030-Implementation-Progress-Report.pdf","SKIPPED","265209","https://sustain.ok.ubc.ca/wp-content/uploads/sites/207/2025/01/UBCO-CAP-2030-Implementation-Progress-Report.pdf","2026-08-14T15:23:47",""
"1","UBC Okanagan","2022_UBCO_UBCO-CAP-Implementation-Progress-Report-Oct-2022.pdf","FAILED","0","https://sustain.ok.ubc.ca/wp-content/uploads/sites/70/2022/12/UBCO-CAP-Implementation-Progress-Report-2022-Oct-Final.pdf","2026-08-18T14:14:48","The remote server returned an error: (404) Not Found."
"1","UBC Okanagan","2023_UBCO_Joint-UBC-Climate-Change-Accountability-Report.pdf","SKIPPED","3621308","https://sustain.ok.ubc.ca/wp-content/uploads/sites/207/2025/01/Joint-UBC-Climate-Change-Accountability-Report.pdf","2026-08-14T15:23:55",""
"1","UBC Okanagan","2023_UBCO_UBC-FY2023-TCFD-Report.pdf","SKIPPED","1445483","https://sustain.ok.ubc.ca/wp-content/uploads/sites/207/2025/01/2023-Task-Force-on-Climate-Related-Financial-Disclosures-Report-v2.pdf","2026-08-14T15:23:58",""
"1","UBC Okanagan","2022_UBCO_UBC-FY2022-TCFD-Report.pdf","SKIPPED","3545719","https://sustain.ubc.ca/sites/default/files/files/1122_MASTER_TCFD%20FINAL-%2011%2022%202022.pdf","2026-08-14T15:24:03",""
"1","UBC Okanagan","2025_UBCO_UBC-Okanagan-Campus-Plan-2025-Update-Final.pdf","SKIPPED","9998823","https://campusplanning.ok.ubc.ca/wp-content/uploads/sites/202/2025/07/20250520-UBCO-Campus-Plan-Update-Final.pdf","2026-08-14T15:24:14",""
"1","UBC Okanagan","2021_UBCO_UBC-Okanagan-Transportation-Plan.pdf","SKIPPED","2068728","https://campusplanning.ok.ubc.ca/wp-content/uploads/sites/202/2024/06/UBCO-TPlan-Final-2022-01-11.pdf","2026-08-14T15:24:17",""
"1","UBC Okanagan","2023_UBCO_UBCO-Transportation-Status-Report-2023.pdf","SKIPPED","1148630","https://campusplanning.ok.ubc.ca/wp-content/uploads/sites/202/2026/01/UBCO2023-TransportationStatusReport-FINAL.pdf","2026-08-14T15:24:18",""
"1","UBC Okanagan","2021_UBCO_UBCO-Transportation-Status-Report-2021.pdf","SKIPPED","1414884","https://campusplanning.ok.ubc.ca/wp-content/uploads/sites/202/2026/01/UBCO2021-TransportationStatusReport-FINAL.pdf","2026-08-14T15:24:22",""
"1","UBC Okanagan","2019_UBCO_UBCO-Transportation-Status-Report-2019.pdf","SKIPPED","1011658","https://campusplanning.ok.ubc.ca/wp-content/uploads/sites/202/2026/01/UBCO-2019TransportationStatusReport-FINAL.pdf","2026-08-14T15:24:23",""
"1","UBC Okanagan","2017_UBCO_UBCO-Transportation-Status-Report-2017.pdf","SKIPPED","1050354","https://campusplanning.ok.ubc.ca/wp-content/uploads/sites/202/2026/01/UBCO-2017TransportationStatusReportV2-FINAL.pdf","2026-08-14T15:24:24",""
"1","UBC Okanagan","2015_UBCO_UBCO-Transportation-Status-Report-2015.pdf","SKIPPED","873874","https://campusplanning.ok.ubc.ca/wp-content/uploads/sites/202/2026/01/UBCO-2015TransportationStatusReport-FINAL.pdf","2026-08-14T15:24:25",""
"1","UBC Okanagan","2025_UBCO_2025-UBCO-Bike-Infrastructure-Audit-Report.pdf","SKIPPED","7582644","https://campusplanning.ok.ubc.ca/wp-content/uploads/sites/202/2026/02/Final-2025-Bike-Infrastructure-Audit-Report.pdf","2026-08-14T15:24:34",""
"1","UBC Okanagan","2018_UBCO_UBCO-Innovation-Precinct-Structure-Plan.pdf","SKIPPED","11768766","https://campusplanning.ok.ubc.ca/wp-content/uploads/sites/202/2024/07/UBCO-IPSP-Final.pdf","2026-08-14T15:24:48",""
"1","UBC Okanagan","2006_UBCO_UBCO-Wildland-Fire-Management-Plan.pdf","SKIPPED","3214194","https://sustain.ok.ubc.ca/wp-content/uploads/sites/207/2026/05/UBCO-Wildland-Fire-Mngt-Plan-Final-July-28.pdf","2026-08-14T15:24:52",""
"1","UBC Okanagan","2022_UBCO_UBCO-Integrated-Pest-Management-Plan-2022.pdf","SKIPPED","387146","https://operations.ok.ubc.ca/wp-content/uploads/sites/200/2024/10/UBCO-IPM-Plan-2022.pdf","2026-08-14T15:24:53",""
"1","UBC Okanagan","2024_UBCO_UBCO-Energy-Operations-Annual-Report-FY2023-24.pdf","SKIPPED","2765211","https://operations.ok.ubc.ca/wp-content/uploads/sites/200/2024/09/FY2023-2024-Report-FINAL.pdf","2026-08-14T15:24:56",""
"1","UBC Okanagan","2025_UBCO_UBCO-Strategic-Energy-Management-Plan-Update.pdf","SKIPPED","1383227","https://operations.ok.ubc.ca/wp-content/uploads/sites/200/2025/11/SEMP-update-Aug-2025-Final.pdf","2026-08-14T15:24:57",""
"1","UBC Okanagan","2025_UBCO_UBCO-Integrated-Energy-Strategy-Update.pdf","SKIPPED","2275505","https://operations.ok.ubc.ca/wp-content/uploads/sites/200/2025/12/UBCO-Integrated-Energy-Strategy-Update-October-2025.pdf","2026-08-14T15:25:01",""
"1","UBC Okanagan","2021_UBCO_UBCO-Building-Energy-Target-Archetype-Study.pdf","SKIPPED","3805817","https://operations.ok.ubc.ca/wp-content/uploads/sites/200/2024/06/R-09639_010-2021-12-22-RPT-UBCO-Archetype-Study_Final_ISSUED.pdf","2026-08-14T15:25:05",""
"1","UBC Okanagan","2020_UBCO_TRC-Commitments-Annual-Report-2020.pdf","SKIPPED","4065460","https://okmain.cms.ok.ubc.ca/wp-content/uploads/sites/26/2021/01/TRC-2020-Annual-Report-spreads.pdf","2026-08-14T15:25:10",""
"1","UBC Okanagan","2021_UBCO_TRC-Commitments-Annual-Report-2021.pdf","SKIPPED","4329261","https://okmain.cms.ok.ubc.ca/wp-content/uploads/sites/26/2022/02/TRC-2021-Annual-Report.pdf","2026-08-14T15:25:14",""
"1","UBC Okanagan","2022_UBCO_TRC-Commitments-Annual-Report-2022.pdf","SKIPPED","3759706","https://okmain.cms.ok.ubc.ca/wp-content/uploads/sites/26/2023/06/TRC-2022-Annual-Report.pdf","2026-08-14T15:25:18",""
"1","UVic","2023_UVic_Climate-and-Sustainability-Action-Plan-CSAP-2030-Strategy.pdf","SKIPPED","9960934","https://www.uvic.ca/_assets/docs/csap2030-strategy.pdf","2026-08-14T15:25:31",""
"1","UVic","2023_UVic_CSAP-2030-Actions.pdf","SKIPPED","1576102","https://www.uvic.ca/_assets/docs/csap2030-actions.pdf","2026-08-14T15:25:33",""
"1","UVic","2017_UVic_Sustainability-Policy.pdf","SKIPPED","81390","https://www.uvic.ca/sustainability/assets/docs/policy/sustainability-policy-2017.pdf","2026-08-14T15:25:33",""
"1","UVic","2020_UVic_Sustainability-Action-Plan-Campus-Operations-2020-2021.pdf","SKIPPED","1066233","https://www.uvic.ca/sustainability/assets/docs/uvic-sustainability-action-plan-2020-2021.pdf","2026-08-14T15:25:34",""
"1","UVic","2021_UVic_2021-SAP-Final-Close-out-Report.pdf","SKIPPED","1156695","https://www.uvic.ca/sustainability/assets/docs/reports/2021-sap-closeout-report-final.pdf","2026-08-14T15:25:35",""
"1","UVic","2019_UVic_2019-SAP-Final-Report.pdf","SKIPPED","1098359","https://www.uvic.ca/sustainability/assets/docs/reports/2019.11.29_sap-close-out-report-final.pdf","2026-08-14T15:25:38",""
"1","UVic","2016_UVic_2016-SAP-Progress-Report-Full.pdf","SKIPPED","693445","https://www.uvic.ca/sustainability/assets/docs/reports/2016.Progress.Report.pdf","2026-08-14T15:25:40",""
"1","UVic","2025_UVic_Climate-Change-Accountability-Report-CCAR-2025.pdf","SKIPPED","9805389","https://www.uvic.ca/sustainability/assets/docs/reports/ccar25.pdf","2026-08-14T15:25:51",""
"1","UVic","2024_UVic_Climate-Change-Accountability-Report-CCAR-2024.pdf","SKIPPED","2587218","https://www.uvic.ca/sustainability/assets/docs/ccar24.pdf","2026-08-14T15:25:54",""
"1","UVic","2023_UVic_Climate-Change-Accountability-Report-CCAR-2023.pdf","SKIPPED","5492296","https://www.uvic.ca/sustainability/assets/docs/cnar23.pdf","2026-08-14T15:26:00",""
"1","UVic","2023_UVic_Campus-Traffic-Survey-2023-Final-Report.pdf","SKIPPED","16371059","https://www.uvic.ca/campusplanning/assets/blocks/content/accordions/20240403_uvictrafficsurvey_2023report_final1.pdf","2026-08-14T15:26:20",""
"1","UVic","2021_UVic_Campus-Traffic-Survey-2021.pdf","SKIPPED","7497171","https://www.uvic.ca/campusplanning/assets/blocks/content/accordions/20220408_uvictrafficsurvey_2021_report_final.pdf","2026-08-14T15:26:29",""
"1","UVic","2019_UVic_Campus-Cycling-Plan.pdf","SKIPPED","14004386","https://www.uvic.ca/campusplanning/assets/docs/campus-cycling-plan-docs/campus-cycling-plan.pdf","2026-08-14T15:26:46",""
"1","UVic","2016_UVic_Campus-Plan-2016.pdf","SKIPPED","25232113","https://www.uvic.ca/campusplanning/assets/docs/CampusPlan2016.pdf","2026-08-14T15:27:16",""
"1","UVic","2020_UVic_UVic-Supplier-Code-of-Conduct.pdf","SKIPPED","279036","https://www.uvic.ca/purchasing/assets/docs/uvicsuppliercodeofconduct.pdf","2026-08-14T15:27:17",""
"1","UVic","nd_UVic_UVic-Sustainable-Procurement-Initiatives-Scholars-report.pdf","SKIPPED","158698","https://www.uvic.ca/graduatestudies/_assets/docs/sustainability-scholars/ssp-uvic-sustainable-procurement-initiatives-developing-an-implementation-strategy-for-supplier-code-of-conduct-and-ecovadis-supplier-sustainability-assessments-uvic-purchasing.pdf","2026-08-14T15:27:17",""
"1","UVic","2021_UVic_UVic-Foundation-Responsible-Investment-Policy.pdf","SKIPPED","249120","https://www.uvic.ca/uvic-foundation/assets/docs/responsible_investment_policy.pdf","2026-08-14T15:27:17",""
"1","UVic","2018_UVic_Sustainability-Advisory-Committee-Terms-of-Reference.pdf","SKIPPED","56040","https://www.uvic.ca/campusplanning/about/committees/sustainabilityadvisorycommittee/sac-terms-of-reference-18.pdf","2026-08-14T15:27:17",""
"1","UVic","2021_UVic_Sustainability-Course-Inventory-2021-2022.pdf","SKIPPED","465099","https://www.uvic.ca/sustainability/assets/docs/2021-2022courseinv.pdf","2026-08-14T15:27:18",""
"1","UVic","2022_UVic_2022-Waste-Audit.pdf","SKIPPED","8283246","https://www.uvic.ca/sustainability/assets/docs/2022wasteaudit.pdf","2026-08-14T15:27:28",""
"1","UVic","2021_UVic_2021-Default-Veg-Report.pdf","SKIPPED","2815977","https://www.uvic.ca/sustainability/assets/docs/default-veg_report_2021.pdf","2026-08-14T15:27:32",""
"1","UVic","2011_UVic_Integrated-Energy-Master-Plan.pdf","SKIPPED","8459118","https://www.uvic.ca/sustainability/assets/docs/policy/uvic-integrated-energy-plan.pdf","2026-08-14T15:27:44",""
"1","UVic","2023_UVic_Real-Estate-Strategy-2023.pdf","SKIPPED","13648188","https://www.uvic.ca/_assets/docs/reports/116176-budg_uvic-district-real-estate-plan_v4.pdf","2026-08-14T15:28:00",""
"1","UVic","2017_UVic_UVic-STARS-Report-2017-self-hosted-copy.pdf","SKIPPED","1628728","https://www.uvic.ca/sustainability/assets/docs/uvic-STARS-2017.pdf","2026-08-14T15:28:02",""
"1","SFU","2022_SFU_Strategic-Sustainability-and-Climate-Action-Plan-2022-2025.pdf","SKIPPED","8287984","https://www.sfu.ca/content/dam/sfu/sustainability/Reports/SFUS_SFU2025-2023_V1-Nov2022.pdf","2026-08-14T15:28:12",""
"1","SFU","2020_SFU_SFU-2020-2025-Sustainability-Plan.pdf","SKIPPED","7746967","https://www.sfu.ca/content/dam/sfu/sustainability/Reports/SFU%20Sustainability%20Plan%202025_v1.0_date02282020_digital.pdf","2026-08-14T15:28:21",""
"1","SFU","2020_SFU_5-Year-Plan-Summer-2020-Progress-Report.pdf","SKIPPED","550979","https://www.sfu.ca/content/dam/sfu/sustainability/Reports/5YP_Summer2020Report_09212020FINAL.pdf","2026-08-14T15:28:22",""
"1","SFU","2020_SFU_5-Year-Plan-Spring-2020-Quarterly-Report.pdf","SKIPPED","652554","https://www.sfu.ca/content/dam/sfu/sustainability/Reports/5YP_QuarterlyReport_Spring2020_05.22.2020.pdf","2026-08-14T15:28:23",""
"1","SFU","2020_SFU_2020-Annual-Sustainability-Report.pdf","SKIPPED","9447607","https://www.sfu.ca/content/dam/sfu/sustainability/Reports/annual_sustainability_report_2020.pdf","2026-08-14T15:28:34",""
"1","SFU","2022_SFU_2020-2022-Annual-Sustainability-Report.pdf","SKIPPED","8222413","https://www.sfu.ca/content/dam/sfu/sustainability/About/Publications/ASR_2020_2022.pdf","2026-08-14T15:28:44",""
"1","SFU","2022_SFU_SFU-Greenhouse-Gas-Inventory-2019-2022.pdf","SKIPPED","5887710","https://www.sfu.ca/content/dam/sfu/sustainability/About/Publications/GHG_inventory_2019-2022.pdf","2026-08-14T15:28:51",""
"1","SFU","2021_SFU_SFU-Climate-Change-Risk-Assessment-Report.pdf","SKIPPED","2055914","https://www.sfu.ca/content/dam/sfu/sustainability/Reports/2021_SFUClimateRiskAssessmentReport.pdf","2026-08-14T15:28:54",""
"1","SFU","2025_SFU_Climate-Change-Accountability-Report-2025.pdf","SKIPPED","14601576","https://www.sfu.ca/content/dam/sfu/fs/files/SustainableInitiatives/2025_SFU_CCAR.pdf","2026-08-14T15:29:11",""
"1","SFU","2024_SFU_Climate-Change-Accountability-Report-2024.pdf","SKIPPED","11111470","https://www.sfu.ca/content/dam/sfu/fs/files/SustainableInitiatives/2024_SFU_CCAR.pdf","2026-08-14T15:29:25",""
"1","SFU","2023_SFU_Climate-Change-Accountability-Report-2023.pdf","SKIPPED","3117644","https://www.sfu.ca/content/dam/sfu/fs/files/SustainableInitiatives/CCAR%202023%20-%20SFU.pdf","2026-08-14T15:29:29",""
"1","SFU","2022_SFU_Climate-Change-Accountability-Report-2022.pdf","SKIPPED","1031423","https://www.sfu.ca/content/dam/sfu/fs/files/SustainableInitiatives/2022%20Climate%20Change%20Accountability%20Report.pdf","2026-08-14T15:29:30",""
"1","SFU","2017_SFU_SFU-20-Year-Sustainability-Vision-and-Goals.pdf","SKIPPED","215899","https://hub.aashe.org/media/SFU%2020-Year%20Sustainability%20Vision%20and%20Goals%20(Feb%2028).pdf","2026-08-14T15:29:32",""
"1","SFU","2016_SFU_SFU-Community-Conversations-Booklet.pdf","SKIPPED","13154287","https://hub.aashe.org/media/SFU2021%20Community%20Conversations%20booklet.pdf","2026-08-14T15:33:17",""
"1","SFU","2016_SFU_SFU-Sustainability-Information-Sheets.pdf","SKIPPED","22207076","https://hub.aashe.org/media/SFU%20Sustainability%20Info%20Sheets.pdf","2026-08-14T15:36:11",""
"1","SFU","2018_SFU_Social-Procurement-Guide-4-institution-BC-collaboration.pdf","SKIPPED","962576","https://www.sfu.ca/content/dam/sfu/finance/services/procurement/SocialProcurementGuide_web.pdf","2026-08-14T15:36:13",""
"1","SFU","2025_SFU_Supply-Chains-Act-Report-2025.pdf","SKIPPED","347212","https://www.sfu.ca/content/dam/sfu/finance/services/procurement/Supply-Chains-Act-Report-2025-Signed.pdf","2026-08-14T15:36:13",""
"1","SFU","2025_SFU_BC-EV-Charging-Alliance-Roadmap-Phase-1-Report.pdf","SKIPPED","4288695","https://a.iscdn.net/foresight/2025/04/3641_foresight-canada-electric-vehicle-charging-alliance-roadmap.pdf","2026-08-14T15:36:19",""
"1","TRU","2019_TRU_Campus-Strategic-Sustainability-Plan-2020-2025.pdf","SKIPPED","4658580","https://www.tru.ca/__shared/assets/campus-strategic-sustainability-plan-2020-202547354.pdf","2026-08-14T15:36:26",""
"1","TRU","2025_TRU_Climate-Change-Accountability-Report-2025.pdf","SKIPPED","2722240","https://www.tru.ca/__shared/assets/climate-change-accountability-report-202565391.pdf","2026-08-14T15:36:31",""
"1","TRU","2022_TRU_TRU-Zero-Waste-Plan-2022-2027.pdf","SKIPPED","2351501","https://www.tru.ca/__shared/assets/tru-zero-waste-plan-2022-202755989.pdf","2026-08-14T15:36:34",""
"1","TRU","2025_TRU_Strategic-Energy-Management-Plan-2025.pdf","SKIPPED","3248715","https://www.tru.ca/__shared/assets/strategic-energy-management-plan64312.pdf","2026-08-14T15:36:39",""
"1","TRU","2025_TRU_Campus-Master-Plan-Refresh.pdf","SKIPPED","12784464","https://www.tru.ca/__shared/assets/2025-campus-master-plan-refresh.pdf","2026-08-14T15:36:57",""
"1","TRU","nd_TRU_List-of-Sustainability-Focused-Courses.pdf","SKIPPED","173580","https://www.tru.ca/__shared/assets/List_of_Sustainability_Focused_Courses33174.pdf","2026-08-14T15:36:58",""
"1","TRU","2023_TRU_TRU-Sustainability-Grant-Fund-Terms-of-Reference-2023-24.pdf","SKIPPED","305443","https://www.tru.ca/__shared/assets/TRU_Sustainability_Grant_Fund_Terms_of_Reference_-_2023_-_202458190.pdf","2026-08-14T15:36:58",""
"1","TRU","2025_TRU_TRU-Sustainability-Research-Grant-for-Faculty-2025-26.pdf","SKIPPED","188358","http://www.tru.ca/__shared/assets/Sustainability_Research_Grant_for_Faculty_2025-202664878.pdf","2026-08-14T15:36:59",""
"1","TRU","nd_TRU_FleetCarma-Electric-Vehicle-Suitability-Assessment.pdf","SKIPPED","447955","https://www.tru.ca/__shared/assets/FleetCarma_Electric_Vehicle_Suitability_Assessment41011.pdf","2026-08-14T15:36:59",""
"1","TRU","2026_TRU_Sustainability-Literacy-Assessment-Report-2026.pdf","SKIPPED","354807","https://www.tru.ca/__shared/assets/2026-literacy-assessment-report65173.pdf","2026-08-14T15:37:00",""
"1","TRU","2019_TRU_TRU-Investment-Asset-Breakdown.pdf","SKIPPED","482740","https://www.tru.ca/__shared/assets/Asset_Breakdown_201949110.pdf","2026-08-14T15:37:01",""
"1","UFV","nd_UFV_UFV-Sustainability-Policy-Policy-244.pdf","SKIPPED","165576","https://www.ufv.ca/media/assets/secretariat/policies/Sustainability-(244).pdf","2026-08-14T15:37:02",""
"1","UFV","2025_UFV_Climate-Change-Accountability-Report-2025.pdf","SKIPPED","2556865","https://www.ufv.ca/media/assets/office-of-sustainability/2025-UFV-Climate-Change-Accountability-Report.pdf","2026-08-14T15:37:05",""
"1","UFV","2025_UFV_Strategic-Energy-Management-Plan-Report-202425.pdf","SKIPPED","1974578","https://www.ufv.ca/media/assets/office-of-sustainability/SEMP-Report-2024-2025.pdf","2026-08-14T15:37:08",""
"1","UFV","2022_UFV_Transportation-Demand-Management-TDM-Report.pdf","SKIPPED","17691510","https://www.ufv.ca/media/assets/centre-for-environmental-sustainability/2022_UFV_TDM.pdf","2026-08-14T15:37:33",""
"1","UFV","2016_UFV_Abbotsford-Campus-Master-Plan.pdf","SKIPPED","21165298","https://www.ufv.ca/media/assets/campus-planning/pdfs/UFV-CMP-20160422_Reduced.pdf","2026-08-14T15:38:02",""
"1","UFV","2024_UFV_Chilliwack-Campus-Plan.pdf","SKIPPED","1792958","https://chilliwack.campuscommunities.ca/wp-content/uploads/2024/07/UFV-CCP-20240614-compressed.pdf","2026-08-14T15:38:05",""
"1","UFV","2025_UFV_Institutional-Accountability-Plan-and-Report-202425.pdf","SKIPPED","4275020","https://www.ufv.ca/media/assets/institutional-research/accountabilityreport/UFV-IAPR-2024-25-2025-07-10.pdf","2026-08-14T15:38:11",""
"1","Selkirk College","2023_Selkirk_Selkirk-College-Sustainability-Plan-2023-2027.pdf","SKIPPED","4043731","https://selkirk.ca/sites/default/files/documents/selkirk-college-sustainability-plan-2023.pdf","2026-08-14T15:38:17",""
"1","Camosun College","2018_Camosun_Camosun-Sustainability-Plan-201819-202122.pdf","SKIPPED","2740168","https://camosun.ca/sites/default/files/2022-07/Camosun-Sustainability-Plan-2018-2022.pdf","2026-08-14T15:38:33",""
"1","Camosun College","2025_Camosun_Camosun-Climate-Pathways-V4.pdf","SKIPPED","110850","https://camosun.ca/sites/default/files/2025-09/ClimatePathwaysV4.pdf","2026-08-14T15:38:35",""
"1","KPU","2019_KPU_KPU-Sustainability-Framework-KPU2050.pdf","SKIPPED","2348158","https://www.kpu.ca/sites/default/files/KPU%20Sustainability%20Plan.pdf","2026-08-14T15:38:38",""
"1","KPU","2024_KPU_KPU-Sustainability-Report-2023-2024.pdf","SKIPPED","17185823","https://www.kpu.ca/sites/default/files/Campus%20and%20Community%20Planning/Sustainability%20Report_2023-2024.pdf","2026-08-14T15:39:03",""
"1","UNBC","2025_UNBC_UNBC-Sustainability-Strategic-Plan-2025-2035-draft-v5.1.pdf","SKIPPED","7369184","https://www.unbc.ca/sites/default/files/sections/sustainability/unbcsustainabilityplan2025-2035draftv5_1.pdf","2026-08-14T15:39:15",""
"1","BC Government / Sector","2025_BCGov_Okanagan-College-2025-CCAR-OC's-own-filing.pdf","SKIPPED","1069851","https://www2.gov.bc.ca/assets/gov/environment/climate-change/cnar/2025/ps/okanagan_college_2025_ccar.pdf","2026-08-14T15:39:18",""
"1","Labour market research","2026_Research_The-Demand-for-Green-Skills-and-the-Impact-on-Apprentices-Future-Skills-Centre.pdf","FAILED","0","https://fsc-ccf.ca/wp-content/uploads/2026/03/FSC_Green-economy-report-EN.pdf","2026-08-18T14:14:51","The request was aborted: Could not create SSL/TLS secure channel."
"1","Labour market research","2026_Research_Sustainable-Jobs-in-BC-ACET-Pembina-synthesis.pdf","SKIPPED","5228540","https://www.pembina.org/sites/default/files/2026-04/ACET-Pembina_Sustainable_Jobs_Workshop_Synthesis_report_Final_0.pdf","2026-08-14T15:39:29",""
"2","UBC Vancouver","2023_UBCV_UBC-Vancouver-Transportation-Status-Report-2023.pdf","SKIPPED","1101889","https://planning.ubc.ca/sites/default/files/2024-06/UBC2023-TransportationStatusReport-FINAL.pdf","2026-08-14T15:39:31",""
"2","UBC Vancouver","2022_UBCV_UBC-Vancouver-Transportation-Status-Report-2022.pdf","SKIPPED","1120238","https://planning.ubc.ca/sites/default/files/2023-06/UBC2022-TransportationStatusReport-FINAL.pdf","2026-08-14T15:39:35",""
"2","UBC Vancouver","2021_UBCV_UBC-Vancouver-Transportation-Status-Report-2021.pdf","SKIPPED","1509332","https://planning.ubc.ca/sites/default/files/2022-06/UBC2021-TransportationStatusReport-FINAL.pdf","2026-08-14T15:39:38",""
"2","UBC Vancouver","2020_UBCV_UBC-Vancouver-Transportation-Status-Report-2020.pdf","SKIPPED","1656647","https://planning.ubc.ca/sites/default/files/2021-10/UBC2020-TransportationStatusReport-FINAL.pdf","2026-08-14T15:39:41",""
"2","UBC Vancouver","2019_UBCV_UBC-Vancouver-Transportation-Status-Report-Fall-2019.pdf","SKIPPED","1812973","https://planning.ubc.ca/sites/default/files/2020-05/UBC2019-TransportationStatusReport-Mar5-2020_0.pdf","2026-08-14T15:39:44",""
"2","UBC Vancouver","2018_UBCV_UBC-Vancouver-Transportation-Status-Report-Fall-2018.pdf","SKIPPED","2332811","https://planning.ubc.ca/sites/default/files/2019-12/REPORT_UBC_2018TransportationStatusReport.pdf","2026-08-14T15:39:49",""
"2","UBC Vancouver","2017_UBCV_UBC-Vancouver-Transportation-Status-Report-2017.pdf","SKIPPED","1780855","https://planning.ubc.ca/sites/default/files/2019-11/REPORT_UBC_Transportation_2017.pdf","2026-08-14T15:39:52",""
"2","UBC Vancouver","2016_UBCV_UBC-Vancouver-Transportation-Status-Report-2016.pdf","SKIPPED","2212410","https://planning.ubc.ca/sites/default/files/2019-11/REPORT_UBC_Transportation_2016.pdf","2026-08-14T15:39:56",""
"2","UBC Vancouver","2015_UBCV_UBC-Vancouver-Transportation-Status-Report-Fall-2015.pdf","SKIPPED","1719942","https://planning.ubc.ca/sites/default/files/2019-11/REPORT_UBC_Transportation_2015.pdf","2026-08-14T15:40:00",""
"2","UBC Vancouver","2024_UBCV_UBC-Vancouver-Campus-GHG-Emissions-Inventory-2024.pdf","SKIPPED","507502","https://sustain.ubc.ca/sites/default/files/UBCV_GHG_Inventory_2024.pdf","2026-08-14T15:40:01",""
"2","UBC Vancouver","2023_UBCV_UBC-Vancouver-Campus-GHG-Emissions-Inventory-2023.pdf","SKIPPED","146041","https://sustain.ubc.ca/sites/default/files/UBCV_GHG_Inventory_2023.pdf","2026-08-14T15:40:01",""
"2","UBC Vancouver","2022_UBCV_UBC-Vancouver-Campus-GHG-Emissions-Inventory-2022.pdf","SKIPPED","170040","https://sustain.ubc.ca/sites/default/files/files/UBCV_GHG_Inventory_2022.pdf","2026-08-14T15:40:01",""
"2","UBC Vancouver","2021_UBCV_UBC-Vancouver-Campus-GHG-Emissions-Inventory-2021.pdf","SKIPPED","321747","https://sustain.ubc.ca/sites/default/files/files/UBCV_GHG_Inventory_2021.pdf","2026-08-14T15:40:02",""
"2","UBC Vancouver","2020_UBCV_UBC-Vancouver-Campus-GHG-Emissions-Inventory-2020.pdf","SKIPPED","308470","https://sustain.ubc.ca/sites/default/files/UBC_GHG_Inventory_2020.pdf","2026-08-14T15:40:03",""
"2","UBC Vancouver","2019_UBCV_UBC-Vancouver-Campus-GHG-Emissions-Inventory-2019.pdf","SKIPPED","155296","https://sustain.ubc.ca/sites/default/files/files/UBC_GHG_Inventory_2019_15Jan21.pdf","2026-08-14T15:40:03",""
"2","UBC Vancouver","2018_UBCV_UBC-Vancouver-Campus-GHG-Emissions-Inventory-2018.pdf","SKIPPED","48162","https://sustain.ubc.ca/sites/default/files/files/UBC_GHG_Inventory_2018.pdf","2026-08-14T15:40:03",""
"2","UBC Vancouver","2017_UBCV_UBC-Vancouver-Campus-GHG-Emissions-Inventory-2017.pdf","SKIPPED","66115","https://sustain.ubc.ca/sites/sustain.ubc.ca/files/UBCGHGInventory_2017_web.pdf","2026-08-14T15:40:03",""
"2","UBC Vancouver","2016_UBCV_UBC-Vancouver-Campus-GHG-Emissions-Inventory-2016.pdf","SKIPPED","105255","https://sustain.ubc.ca/sites/sustain.ubc.ca/files/uploads/CampusSustainability/CS_PDFs/ClimateEnergy/UBCGHGInventory_2016.pdf","2026-08-14T15:40:03",""
"2","UBC Vancouver","2015_UBCV_UBC-Vancouver-Campus-GHG-Emissions-Inventory-2015.pdf","SKIPPED","187131","https://sustain.ubc.ca/sites/sustain.ubc.ca/files/UBCGHGInventory_2015.pdf","2026-08-14T15:40:04",""
"2","UBC Vancouver","2023_UBCV_UBC-Annual-Sustainability-Report-2023-24.pdf","SKIPPED","3743711","https://sustain.ubc.ca/sites/default/files/files/UBC-Annual-Sustainability-Report-2023-24.pdf","2026-08-14T15:40:10",""
"2","UBC Vancouver","2022_UBCV_UBC-Annual-Sustainability-Report-2022-23.pdf","SKIPPED","7367380","https://sustain.ubc.ca/sites/default/files/files/UBC-Annual-Sustainability-Report-2022-23.pdf","2026-08-14T15:40:20",""
"2","UBC Vancouver","2021_UBCV_UBC-Annual-Sustainability-Report-2021-22.pdf","SKIPPED","3360115","https://sustain.ubc.ca/sites/default/files/files/Annual-Sustainability-Report-2021-22_1.pdf","2026-08-14T15:40:26",""
"2","UBC Vancouver","2020_UBCV_UBC-Annual-Sustainability-Report-2020-21.pdf","SKIPPED","876810","https://sustain.ubc.ca/sites/default/files/files/2020-21-Annual-Sustainability-Report.pdf","2026-08-14T15:40:27",""
"2","UBC Vancouver","2019_UBCV_UBC-Annual-Sustainability-Report-2019-20.pdf","SKIPPED","1465291","https://sustain.ubc.ca/sites/default/files/2019-20ASR_201019_0.pdf","2026-08-14T15:40:29",""
"2","UBC Vancouver","2018_UBCV_UBC-Annual-Sustainability-Report-2018-19.pdf","SKIPPED","1637429","https://sustain.ubc.ca/sites/default/files/files/18-19-Annual-Sustainability-Report.pdf","2026-08-14T15:40:32",""
"2","UBC Vancouver","2017_UBCV_UBC-Annual-Sustainability-Report-2017-18.pdf","SKIPPED","2345427","https://sustain.ubc.ca/sites/default/files/files/ASR-2017-2018-2.pdf","2026-08-14T15:40:36",""
"2","UBC Vancouver","2016_UBCV_UBC-Annual-Sustainability-Report-2016-17.pdf","SKIPPED","31129452","https://sustain.ubc.ca/sites/default/files/Annual%20Sustainability%20Report%20-%20January%202018.pdf","2026-08-14T15:41:21",""
"2","UBC Vancouver","2015_UBCV_UBC-Annual-Sustainability-Report-2015-16.pdf","SKIPPED","6448852","https://sustain.ubc.ca/sites/default/files/2015-16%20Annual%20Sustainability%20Report.pdf","2026-08-14T15:41:31",""
"2","UBC Vancouver","2025_UBCV_UBC-Climate-Change-Accountability-Report-2025.pdf","SKIPPED","7071647","https://www2.gov.bc.ca/assets/gov/environment/climate-change/cnar/2025/ps/ubc_2025_ccar.pdf","2026-08-14T15:41:42",""
"2","UBC Vancouver","2023_UBCV_UBC-Climate-Change-Accountability-Report-2023.pdf","SKIPPED","18342431","https://www2.gov.bc.ca/assets/gov/environment/climate-change/cnar/2023/ps/university_of_british_columbia_2023_ccar.pdf","2026-08-14T15:42:11",""
"2","UBC Vancouver","2022_UBCV_UBC-Climate-Change-Accountability-Report-2022.pdf","SKIPPED","12032059","https://www2.gov.bc.ca/assets/gov/environment/climate-change/cnar/2022/uc/ubc_ccar_full_report.pdf","2026-08-14T15:42:31",""
"2","UBC Vancouver","2021_UBCV_UBC-Climate-Change-Accountability-Report-2021.pdf","SKIPPED","4265576","https://www2.gov.bc.ca/assets/gov/environment/climate-change/cnar/2021/ubc_2021_ccar.pdf","2026-08-14T15:42:38",""
"2","UBC Vancouver","2020_UBCV_UBC-Climate-Change-Accountability-Report-2020.pdf","SKIPPED","20129613","https://www2.gov.bc.ca/assets/gov/environment/climate-change/cnar/2020/university_of_british_columbia.pdf","2026-08-14T15:43:09",""
"2","UBC Vancouver","2019_UBCV_UBC-Carbon-Neutral-Action-Report-2019.pdf","SKIPPED","18324398","https://www2.gov.bc.ca/assets/gov/environment/climate-change/cnar/2019/ps/final_university_of_british_columbia_2019_overview.pdf","2026-08-14T15:43:40",""
"2","UBC Vancouver","2018_UBCV_UBC-Carbon-Neutral-Action-Report-2018.pdf","SKIPPED","1756991","https://www2.gov.bc.ca/assets/gov/environment/climate-change/cnar/2018/ps/final_ubc_2018.pdf","2026-08-14T15:43:43",""
"2","UBC Vancouver","2017_UBCV_UBC-Carbon-Neutral-Action-Report-2017.pdf","SKIPPED","28999605","https://www2.gov.bc.ca/assets/gov/environment/climate-change/cnar/2017/ps/final_ubc_2017.pdf","2026-08-14T15:44:29",""
"2","UBC Vancouver","2016_UBCV_UBC-Carbon-Neutral-Action-Report-2016.pdf","SKIPPED","13507174","https://www2.gov.bc.ca/assets/gov/environment/climate-change/cnar/2016/ps/final_ubc_2016.pdf","2026-08-14T15:44:50",""
"2","UBC Vancouver","2015_UBCV_UBC-Carbon-Neutral-Action-Report-2015.pdf","SKIPPED","9646651","https://www2.gov.bc.ca/assets/gov/environment/climate-change/cnar/2015/ps/final_ubc_2015.pdf","2026-08-14T15:45:06",""
"2","UVic","2022_UVic_UVic-Climate-Change-Accountability-Report-2022.pdf","SKIPPED","2716100","https://www.uvic.ca/sustainability/assets/docs/reports/ccar2022.pdf","2026-08-14T15:45:10",""
"2","UVic","2021_UVic_UVic-Climate-Change-Accountability-Report-2021.pdf","SKIPPED","1199367","https://www.uvic.ca/sustainability/assets/docs/reports/cnar21.pdf","2026-08-14T15:45:12",""
"2","UVic","2020_UVic_UVic-Carbon-Neutral-Action-Report-2020.pdf","SKIPPED","4437897","https://www.uvic.ca/sustainability/assets/docs/reports/cnar20.pdf","2026-08-14T15:45:18",""
"2","UVic","2019_UVic_UVic-Carbon-Neutral-Action-Report-2019.pdf","SKIPPED","798819","https://www.uvic.ca/sustainability/assets/docs/reports/cnar19.pdf","2026-08-14T15:45:19",""
"2","UVic","2018_UVic_UVic-Carbon-Neutral-Action-Report-2018.pdf","SKIPPED","682022","https://www.uvic.ca/sustainability/assets/docs/reports/budg_05823_carbonneutralreportoutweb1.pdf","2026-08-14T15:45:20",""
"2","UVic","2016_UVic_UVic-Carbon-Neutral-Action-Report-2016.pdf","SKIPPED","3681221","https://www.uvic.ca/sustainability/assets/docs/UVic2016CNAR.pdf","2026-08-14T15:45:26",""
"2","UVic","2015_UVic_UVic-Carbon-Neutral-Action-Report-2015.pdf","SKIPPED","1692570","https://www.uvic.ca/sustainability/assets/docs/reports/cnar15.pdf","2026-08-14T15:45:29",""
"2","UVic","2016_UVic_UVic-Campus-Traffic-Survey-2016-Final-Report.pdf","SKIPPED","5455121","https://www.uvic.ca/campusplanning/assets/docs/campus-traffic-survey-2016.pdf","2026-08-14T15:45:37",""
"2","UVic","2018_UVic_UVic-Waste-Assessment-Summary-2018-Final.pdf","SKIPPED","885300","https://www.uvic.ca/sustainability/assets/docs/university-of-victoria---waste-assessment-summary-2018-final.pdf","2026-08-14T15:45:38",""
"2","UBC Okanagan","2025_UBCO_UBC-Okanagan-Climate-Change-Accountability-Report-2025.pdf","SKIPPED","3661315","https://sustain.ok.ubc.ca/wp-content/uploads/sites/207/2026/06/CCAR-Okanagan-2025_FINAL.pdf","2026-08-14T15:45:44",""
"2","UBC Okanagan","2024_UBCO_UBC-Okanagan-Climate-Change-Accountability-Report-2024.pdf","SKIPPED","1918351","https://sustain.ok.ubc.ca/wp-content/uploads/sites/207/2025/08/CCAR-Okanagan-2024-Final-web.pdf","2026-08-14T15:45:47",""
"2","UBC Okanagan","2023_UBCO_UBC-Okanagan-Climate-Change-Accountability-Report-2023.pdf","SKIPPED","4912907","https://sustain.ok.ubc.ca/wp-content/uploads/sites/207/2025/01/2023-Climate-Change-Accountability-Report.pdf","2026-08-14T15:45:53",""
"2","UBC Okanagan","2022_UBCO_UBC-Okanagan-Climate-Change-Accountability-Report-2022.pdf","SKIPPED","3376757","https://sustain.ok.ubc.ca/wp-content/uploads/sites/207/2025/08/CCAR-Okanagan-2022-web.pdf","2026-08-14T15:45:58",""
"2","UBC Okanagan","2021_UBCO_UBC-Okanagan-Climate-Change-Accountability-Report-2021.pdf","SKIPPED","992330","https://sustain.ok.ubc.ca/wp-content/uploads/sites/207/2025/01/2021-Climate-Change-Accountability-Report.pdf","2026-08-14T15:46:00",""
"2","UBC Okanagan","2020_UBCO_UBC-Okanagan-Climate-Change-Accountability-Report-2020.pdf","SKIPPED","1014638","https://sustain.ok.ubc.ca/wp-content/uploads/sites/207/2025/01/2020-Climate-Change-Accountability-Report.pdf","2026-08-14T15:46:02",""
"2","UBC Okanagan","2019_UBCO_UBC-Okanagan-Carbon-Neutral-Action-Report-2019.pdf","SKIPPED","12006257","https://sustain.ok.ubc.ca/wp-content/uploads/sites/207/2025/01/2019-Carbon-Neutral-Action-Report.pdf","2026-08-14T15:46:20",""
"2","UBC Okanagan","2018_UBCO_UBC-Okanagan-Carbon-Neutral-Action-Report-2018.pdf","SKIPPED","1325520","https://sustain.ok.ubc.ca/wp-content/uploads/sites/207/2025/01/2018-Carbon-Neutral-Action-Report.pdf","2026-08-14T15:46:22",""
"2","UBC Okanagan","2017_UBCO_UBC-Okanagan-Carbon-Neutral-Action-Report-2017.pdf","SKIPPED","1723314","https://sustain.ok.ubc.ca/wp-content/uploads/sites/207/2025/01/2017-Carbon-Neutral-Action-Report.pdf","2026-08-14T15:46:25",""
"2","UBC Okanagan","2016_UBCO_UBC-Okanagan-Carbon-Neutral-Action-Report-2016.pdf","SKIPPED","861922","https://sustain.ok.ubc.ca/wp-content/uploads/sites/207/2025/01/2016-Carbon-Neutral-Action-Report.pdf","2026-08-14T15:46:26",""
"2","UBC Okanagan","2015_UBCO_UBC-Okanagan-Carbon-Neutral-Action-Report-2015.pdf","SKIPPED","1560441","https://sustain.ok.ubc.ca/wp-content/uploads/sites/207/2025/01/2015-Carbon-Neutral-Action-Report.pdf","2026-08-14T15:46:31",""
"2","UBC Okanagan","2024_UBCO_UBC-Okanagan-GHG-Inventory-and-Consumption-Detail-Report-2024.pdf","SKIPPED","171480","https://sustain.ok.ubc.ca/wp-content/uploads/sites/207/2026/03/2024-Inventory-and-Consumption-Detail-Report.pdf","2026-08-14T15:46:31",""
"2","UBC Okanagan","2023_UBCO_UBC-Okanagan-Greenhouse-Gas-Emissions-Tracking-2023.pdf","SKIPPED","145133","https://sustain.ok.ubc.ca/wp-content/uploads/sites/207/2025/01/2023-Green-house-gases-emission-tracking.pdf","2026-08-14T15:46:31",""
"2","UBC Okanagan","2022_UBCO_UBC-Okanagan-Greenhouse-Gas-Emissions-Tracking-2022.pdf","SKIPPED","112765","https://sustain.ok.ubc.ca/wp-content/uploads/sites/207/2025/01/2022-Green-house-gases-emission-tracking.pdf","2026-08-14T15:46:32",""
"2","UBC Okanagan","2021_UBCO_UBC-Okanagan-Greenhouse-Gas-Emissions-Tracking-2021.pdf","SKIPPED","132007","https://sustain.ok.ubc.ca/wp-content/uploads/sites/207/2025/01/2021-Green-house-gases-emission-tracking.pdf","2026-08-14T15:46:32",""
"2","UBC Okanagan","2020_UBCO_UBC-Okanagan-Greenhouse-Gas-Emissions-Tracking-2020.pdf","SKIPPED","477383","https://sustain.ok.ubc.ca/wp-content/uploads/sites/207/2025/01/2020-Green-house-gases-emission-tracking.pdf","2026-08-14T15:46:33",""
"2","UBC Okanagan","2019_UBCO_UBC-Okanagan-Greenhouse-Gas-Emissions-Tracking-2019.pdf","SKIPPED","456786","https://sustain.ok.ubc.ca/wp-content/uploads/sites/207/2025/01/2019-Green-house-gases-emission-tracking.pdf","2026-08-14T15:46:34",""
"2","UBC Okanagan","2018_UBCO_UBC-Okanagan-Greenhouse-Gas-Emissions-Tracking-2018.pdf","SKIPPED","156031","https://sustain.ok.ubc.ca/wp-content/uploads/sites/207/2025/01/2018-Green-house-gases-emission-tracking.pdf","2026-08-14T15:46:34",""
"2","UBC Okanagan","2024_UBCO_CAP-2030-Implementation-Updates-Vancouver-and-Okanagan-Board-of-Governors-June-2024.pdf","SKIPPED","10023097","https://bog3.sites.olt.ubc.ca/files/2024/06/1.6_2024_06_Climate-Action-Plan-2030-Implementation-Updates-Vancouver-and-Okanagan.pdf","2026-08-14T15:46:50",""
"2","UBC Okanagan","2022_UBCO_UBC-Climate-Emergency-Executive-Summary-2021-22.pdf","SKIPPED","490903","https://sustain.ok.ubc.ca/wp-content/uploads/sites/207/2025/01/Climate-Emergency-Executive-Summary.pdf","2026-08-14T15:46:51",""
"2","UBC Okanagan","2022_UBCO_UBC-Climate-Emergency-Report-on-Progress-2021-22.pdf","SKIPPED","2083456","https://sustain.ok.ubc.ca/wp-content/uploads/sites/207/2025/01/2021-22-Climate-Emergency-Report-on-Progress-v2.pdf","2026-08-14T15:46:54",""
"2","UBC Okanagan","2022_UBCO_UBC-Task-Force-on-Climate-Related-Financial-Disclosures-Report-2022.pdf","SKIPPED","3545740","https://sustain.ok.ubc.ca/wp-content/uploads/sites/207/2025/01/2022-Task-Force-on-Climate-Report.pdf","2026-08-14T15:46:59",""
"2","UBC Okanagan","2021_UBCO_UN-Sustainable-Development-Goals-A-Snapshot-of-UBC-Activities-2020-21.pdf","SKIPPED","6818113","https://sustain.ubc.ca/sites/default/files/files/SDGReport_2020-21.pdf","2026-08-14T15:47:10",""
"2","UBC Okanagan","2020_UBCO_UBC-UN-SDG-Report-2019-20.pdf","SKIPPED","17108238","https://sustain.ubc.ca/sites/default/files/UBC_SDG_Report_2019-20.pdf","2026-08-14T15:47:35",""
"2","UBC Okanagan","2015_UBCO_UBCO-Integrated-Rainwater-Management-Plan-Part-1.pdf","SKIPPED","11377463","https://sustain.ok.ubc.ca/wp-content/uploads/sites/207/2025/01/Integrated-Rainwater-Management-Plan-Part-1.pdf","2026-08-14T15:47:53",""
"2","UBC Okanagan","2015_UBCO_UBCO-Integrated-Rainwater-Management-Plan-Part-2.pdf","SKIPPED","6079809","https://sustain.ok.ubc.ca/wp-content/uploads/sites/207/2025/01/Integrated-Rainwater-Management-Plan-Part-2.pdf","2026-08-14T15:48:02",""
"2","UBC Okanagan","2015_UBCO_UBCO-Integrated-Rainwater-Management-Plan-Part-3.pdf","SKIPPED","11924374","https://sustain.ok.ubc.ca/wp-content/uploads/sites/207/2025/01/Integrated-Rainwater-Management-Plan-Part-3.pdf","2026-08-14T15:48:19",""
"2","UBC Okanagan","2015_UBCO_UBCO-Integrated-Rainwater-Management-Plan-Part-4-Geotechnical-and-Soils-Domain-Map.pdf","SKIPPED","1885407","https://sustain.ok.ubc.ca/wp-content/uploads/sites/207/2025/01/Integrated-Rainwater-Management-Plan-Part-4.pdf","2026-08-14T15:48:22",""
"2","UBC Okanagan","2015_UBCO_UBCO-Integrated-Rainwater-Management-Plan-Part-5.pdf","SKIPPED","2751118","https://sustain.ok.ubc.ca/wp-content/uploads/sites/207/2025/01/Integrated-Rainwater-Management-Plan-Part-5.pdf","2026-08-14T15:48:26",""
"2","UBC Okanagan","2015_UBCO_UBCO-Utility-Corridor-Strategy.pdf","SKIPPED","689598","https://campusplanning.ok.ubc.ca/wp-content/uploads/sites/202/2024/07/UBCO-UtilityCorridor-Mar0950576.pdf","2026-08-14T15:48:27",""
"2","UBC Okanagan","2025_UBCO_UBCO-Transportation-Status-Report-2025.pdf","SKIPPED","5678996","https://campusplanning.ok.ubc.ca/wp-content/uploads/sites/202/2026/07/UBCO2025-TransportationStatusReport-FINAL.pdf","2026-08-14T15:48:36",""
"2","SFU","2021_SFU_SFU-Climate-Change-Accountability-Report-2021.pdf","SKIPPED","7524450","https://www.sfu.ca/content/dam/sfu/fs/files/SustainableInitiatives/2021%20Climate%20Change%20Accountability%20Report.pdf","2026-08-14T15:48:52",""
"2","SFU","2020_SFU_SFU-Climate-Change-Accountability-Report-2020.pdf","SKIPPED","2028641","https://www.sfu.ca/content/dam/sfu/fs/files/SustainableInitiatives/2020%20Climate%20Change%20Accountability%20Report.pdf","2026-08-14T15:48:56",""
"2","SFU","2019_SFU_SFU-Carbon-Neutral-Action-Report-2019.pdf","SKIPPED","4130182","https://www.sfu.ca/content/dam/sfu/fs/files/SustainableInitiatives/SFU%202019%20Carbon%20Neutral%20Action%20Report.pdf","2026-08-14T15:49:02",""
"2","SFU","2018_SFU_SFU-Carbon-Neutral-Action-Report-2018.pdf","SKIPPED","11833783","https://www.sfu.ca/content/dam/sfu/fs/files/carbon%20neutral%20action%20report/2018%20Carbon%20Neutral%20Action%20Report.pdf","2026-08-14T15:49:20",""
"2","SFU","2017_SFU_SFU-Carbon-Neutral-Action-Report-2017.pdf","SKIPPED","8309327","https://www.sfu.ca/content/dam/sfu/fs/files/carbon%20neutral%20action%20report/2017%20Carbon%20Neutral%20Action%20Report.pdf","2026-08-14T15:49:32",""
"2","SFU","2016_SFU_SFU-Carbon-Neutral-Action-Report-2016.pdf","SKIPPED","5892463","https://www.sfu.ca/content/dam/sfu/fs/files/carbon%20neutral%20action%20report/2016%20Carbon%20Neutral%20Action%20Report.pdf","2026-08-14T15:49:40",""
"2","SFU","2015_SFU_SFU-Carbon-Neutral-Action-Report-2015.pdf","SKIPPED","3984580","https://www.sfu.ca/content/dam/sfu/fs/files/carbon%20neutral%20action%20report/2015%20Carbon%20Neutral%20Action%20Report.pdf","2026-08-14T15:49:45",""
"2","UFV","2024_UFV_UFV-Climate-Change-Accountability-Report-2024.pdf","SKIPPED","1036907","https://www.ufv.ca/media/assets/office-of-sustainability/2024-CCAR-Final-signed.pdf","2026-08-14T15:49:47",""
"2","UFV","2023_UFV_UFV-Climate-Change-Accountability-Report-2023.pdf","SKIPPED","886105","https://www.ufv.ca/media/assets/office-of-sustainability/2023-UFV-CCAR.pdf","2026-08-14T15:49:48",""
"2","UFV","2022_UFV_UFV-Climate-Change-Accountability-Report-2022.pdf","SKIPPED","1789846","https://www.ufv.ca/media/assets/office-of-sustainability/2022-2023-UFV-CCAR.pdf","2026-08-14T15:49:51",""
"2","UFV","2021_UFV_UFV-Climate-Change-Accountability-Report-2021.pdf","SKIPPED","500285","https://www.ufv.ca/media/assets/office-of-sustainability/2021-UFV-CCAR.pdf","2026-08-14T15:49:52",""
"2","UFV","2020_UFV_UFV-Climate-Change-Accountability-Report-2020.pdf","SKIPPED","1150525","https://www.ufv.ca/media/assets/office-of-sustainability/UFV-CCAR-2020.pdf","2026-08-14T15:49:54",""
"2","UFV","2018_UFV_UFV-Carbon-Neutral-Action-Report-2018.pdf","SKIPPED","2071890","https://www.ufv.ca/media/assets/energy-management/energy-management/UFV-CNAR-2018.pdf","2026-08-14T15:49:57",""
"2","UFV","2017_UFV_UFV-Carbon-Neutral-Action-Report-2017.pdf","SKIPPED","940930","https://www.ufv.ca/media/assets/energy-management/energy-management/UFV_CNAR_2017.pdf","2026-08-14T15:49:59",""
"2","UFV","2016_UFV_UFV-Carbon-Neutral-Action-Report-2016.pdf","SKIPPED","931380","https://www.ufv.ca/media/assets/energy-management/energy-management/UFV-CNAR-2016.pdf","2026-08-14T15:50:02",""
"2","UFV","2015_UFV_UFV-Carbon-Neutral-Action-Report-2015.pdf","SKIPPED","1746499","https://www.ufv.ca/media/assets/energy-management/energy-management/UFV-CNAR-2015-FINAL.pdf","2026-08-14T15:50:05",""
"2","UFV","2018_UFV_UFV-Strategic-Energy-Management-Plan-Report-2018-2019.pdf","SKIPPED","2779392","https://www.ufv.ca/media/assets/energy-management/energy-management/UFV-SEMP-2018-2019.pdf","2026-08-14T15:50:09",""
"2","UFV","2017_UFV_UFV-Strategic-Energy-Management-Plan-Report-2017-2018.pdf","SKIPPED","1432243","https://www.ufv.ca/media/assets/energy-management/energy-management/UFV-SEMP-2017-2018.pdf","2026-08-14T15:50:12",""
"2","UFV","2016_UFV_UFV-Strategic-Energy-Management-Plan-Report-2016-2017.pdf","SKIPPED","874124","https://www.ufv.ca/media/assets/energy-management/energy-management/UFV-SEMP-2016-2017.pdf","2026-08-14T15:50:15",""
"2","UFV","2020_UFV_UFV-Report-on-Sustainability-2020-2021.pdf","SKIPPED","20064957","https://www.ufv.ca/media/assets/centre-for-environmental-sustainability/UFV--2020-21-Sustainability-Report.pdf","2026-08-14T15:50:44",""
"2","UFV","2019_UFV_UFV-Report-on-Sustainability-2019-2020.pdf","SKIPPED","2311096","https://www.ufv.ca/media/assets/centre-for-environmental-sustainability/Report-on-Environmental-Sustainability-2019-2020.pdf","2026-08-14T15:50:47",""
"2","UFV","2018_UFV_UFV-Report-on-Sustainability-2018-2019.pdf","SKIPPED","1836616","https://www.ufv.ca/media/assets/centre-for-environmental-sustainability/Report-on-Environmental-Sustainability-2018-2019.pdf","2026-08-14T15:50:52",""
"2","UFV","2017_UFV_UFV-Report-on-Sustainability-2017-2018.pdf","SKIPPED","1974052","https://www.ufv.ca/media/assets/centre-for-environmental-sustainability/Report-on-Sustainability-2017-2018.pdf","2026-08-14T15:50:57",""
"2","UFV","2016_UFV_UFV-Report-on-Sustainability-2016-2017.pdf","SKIPPED","1278952","https://www.ufv.ca/media/assets/centre-for-environmental-sustainability/Report-on-Sustainability-2016-2017.pdf","2026-08-14T15:51:00",""
"2","UFV","2018_UFV_UFV-Waste-Audit-2018.pdf","SKIPPED","532784","https://www.ufv.ca/media/assets/centre-for-environmental-sustainability/2018-Waste-Audit.pdf","2026-08-14T15:51:02",""
"2","UFV","2017_UFV_UFV-Waste-Audit-2017-Garbage-on-the-Green.pdf","SKIPPED","367539","https://www.ufv.ca/media/assets/centre-for-environmental-sustainability/Garbage-on-the-Green-2017-Report.pdf","2026-08-14T15:51:03",""
"2","TRU","2023_TRU_TRU-Climate-Change-Accountability-Report-2023.pdf","SKIPPED","462075","https://www.tru.ca/__shared/assets/climate-change-accountability-report-202360797.pdf","2026-08-14T15:51:04",""
"2","TRU","2022_TRU_TRU-Climate-Change-Accountability-Report-2022.pdf","SKIPPED","383320","https://www.tru.ca/__shared/assets/climate-change-accountability-report-202257804.pdf","2026-08-14T15:51:05",""
"2","TRU","2021_TRU_TRU-Climate-Change-Accountability-Report-2021.pdf","SKIPPED","325968","https://www.tru.ca/__shared/assets/Climate_Change_Accountability_Report_-_202156891.pdf","2026-08-14T15:51:06",""
"2","TRU","2020_TRU_TRU-Climate-Change-Accountability-Report-2020.pdf","SKIPPED","846614","https://www.tru.ca/__shared/assets/climate-change-accountability-report-202057968.pdf","2026-08-14T15:51:08",""
"2","TRU","2019_TRU_TRU-Carbon-Neutral-Action-Report-2019.pdf","SKIPPED","3547630","https://www.tru.ca/__shared/assets/carbon-neutral-action-report-201952832.pdf","2026-08-14T15:51:13",""
"2","TRU","2018_TRU_TRU-Carbon-Neutral-Action-Report-2018.pdf","SKIPPED","3562565","https://www.tru.ca/__shared/assets/carbon-neutral-action-report-201852831.pdf","2026-08-14T15:51:18",""
"2","TRU","2017_TRU_TRU-Carbon-Neutral-Action-Report-2017.pdf","SKIPPED","4539669","https://www.tru.ca/__shared/assets/carbon-neutral-action-report-201752830.pdf","2026-08-14T15:51:25",""
"2","TRU","2016_TRU_TRU-Carbon-Neutral-Action-Report-2016.pdf","SKIPPED","4599312","https://www.tru.ca/__shared/assets/TRU_Carbon_Neutral_Action_Report_201640649.pdf","2026-08-14T15:51:32",""
"2","TRU","2015_TRU_TRU-Carbon-Neutral-Action-Report-2015.pdf","SKIPPED","3799673","https://www.tru.ca/__shared/assets/carbon-neutral-action-report-201539469.pdf","2026-08-14T15:51:39",""
"2","TRU","2020_TRU_TRU-Waste-and-Recyclable-Materials-Report-2020-Q1.pdf","SKIPPED","1403476","https://www.tru.ca/__shared/assets/waste-recyclable-materials-report-2020q153517.pdf","2026-08-14T15:51:41",""
"2","TRU","2019_TRU_TRU-Waste-Audit-Report-2019-Q4.pdf","SKIPPED","1376352","https://www.tru.ca/__shared/assets/waste-audit-2019q453514.pdf","2026-08-14T15:51:43",""
"2","TRU","2019_TRU_TRU-Waste-Audit-Report-2019-Q3.pdf","SKIPPED","1048632","https://www.tru.ca/__shared/assets/waste-audit-2019q353513.pdf","2026-08-14T15:51:45",""
"2","TRU","2019_TRU_TRU-Waste-Audit-Report-2019-Q1-and-Q2.pdf","SKIPPED","1327383","https://www.tru.ca/__shared/assets/waste-audit-2019q253515.pdf","2026-08-14T15:51:47",""
"2","TRU","2018_TRU_TRU-Waste-Audit-Report-2018.pdf","SKIPPED","4534694","https://www.tru.ca/__shared/assets/waste-audit-201853516.pdf","2026-08-14T15:51:53",""
"2","TRU","2017_TRU_TRU-Waste-Audit-Report-2017.pdf","SKIPPED","2081036","https://www.tru.ca/__shared/assets/TRU_Waste_Audit_Report_201740863.pdf","2026-08-14T15:51:57",""
"2","TRU","2016_TRU_TRU-Waste-Audit-Report-2016.pdf","SKIPPED","8595072","https://www.tru.ca/__shared/assets/TRU_Waste_Audit_Report_201640378.pdf","2026-08-14T15:52:11",""
"2","TRU","2015_TRU_TRU-Waste-Audit-Report-2015.pdf","SKIPPED","7013235","https://www.tru.ca/__shared/assets/TRU_Waste_Audit_Report_201540379.pdf","2026-08-14T15:52:22",""
"2","TRU","2022_TRU_Level-1-Energy-Study-2022-Culinary-Arts.pdf","SKIPPED","524277","https://www.tru.ca/__shared/assets/level-1-energy-study-2022-culinary-arts64222.pdf","2026-08-14T15:52:23",""
"2","TRU","2022_TRU_Level-1-Energy-Study-2022-Old-Main.pdf","SKIPPED","507182","https://www.tru.ca/__shared/assets/level-1-energy-study-2022-old-main64223.pdf","2026-08-14T15:52:27",""
"2","TRU","2022_TRU_Level-1-Energy-Study-2022-House-4-Sustainability.pdf","SKIPPED","374122","https://www.tru.ca/__shared/assets/level-1-energy-study-2022-house-4-sustainability64224.pdf","2026-08-14T15:52:30",""
"2","TRU","2022_TRU_Level-1-Energy-Study-2022-House-5-Indigenous.pdf","SKIPPED","353748","https://www.tru.ca/__shared/assets/level-1-energy-study-2022-house-5-aboriginal64225.pdf","2026-08-14T15:52:32",""
"2","TRU","2022_TRU_Level-1-Energy-Study-2022-House-8-Radio.pdf","SKIPPED","348123","https://www.tru.ca/__shared/assets/level-1-energy-study-2022-house-8-radio64226.pdf","2026-08-14T15:52:33",""
"2","TRU","2022_TRU_Level-1-Energy-Study-2022-Sciences.pdf","SKIPPED","526241","https://www.tru.ca/__shared/assets/level-1-energy-study-2022-sciences64228.pdf","2026-08-14T15:52:35",""
"2","TRU","2022_TRU_Level-1-Energy-Study-2022-Open-Learning.pdf","SKIPPED","525658","https://www.tru.ca/__shared/assets/level-1-energy-study-2022-open-learning64229.pdf","2026-08-14T15:52:39",""
"2","TRU","2022_TRU_Level-1-Energy-Study-2022-Arts-and-Education.pdf","SKIPPED","542907","https://www.tru.ca/__shared/assets/level-1-energy-study-2022-arts-education64230.pdf","2026-08-14T15:52:43",""
"2","TRU","2022_TRU_Level-1-Energy-Study-2022-Campus-Activity-Centre.pdf","SKIPPED","555712","https://www.tru.ca/__shared/assets/level-1-energy-study-2022-cac64231.pdf","2026-08-14T15:52:47",""
"2","TRU","2022_TRU_Level-1-Energy-Study-2022-Daycare.pdf","SKIPPED","390533","https://www.tru.ca/__shared/assets/level-1-energy-study-2022-daycare64232.pdf","2026-08-14T15:52:51",""
"2","TRU","2022_TRU_Level-1-Energy-Study-2022-House-1-Faculty-Association.pdf","SKIPPED","248757","https://www.tru.ca/__shared/assets/level-1-energy-study-2022-house-1-faculty-association64233.pdf","2026-08-14T15:52:55",""
"2","TRU","2022_TRU_Level-1-Energy-Study-2022-House-6-7-Research-Centre.pdf","SKIPPED","374983","https://www.tru.ca/__shared/assets/level-1-energy-study-2022-house-6-7-research-centre64234.pdf","2026-08-14T15:52:56",""
"2","TRU","2022_TRU_Level-1-Energy-Study-2022-House-9-Welcome-Centre.pdf","SKIPPED","255727","https://www.tru.ca/__shared/assets/level-1-energy-study-2022-house-9-welcome-centre64235.pdf","2026-08-14T15:52:59",""
"2","TRU","2022_TRU_Level-1-Energy-Study-2022-House-10-Horticulture.pdf","SKIPPED","545296","https://www.tru.ca/__shared/assets/level-1-energy-study-2022-house-10-horticulture64236.pdf","2026-08-14T15:53:01",""
"2","TRU","2022_TRU_Level-1-Energy-Study-2022-House-of-Learning.pdf","SKIPPED","556624","https://www.tru.ca/__shared/assets/level-1-energy-study-2022-house-of-learning64237.pdf","2026-08-14T15:53:05",""
"2","TRU","2022_TRU_Level-1-Energy-Study-2022-Multi-Use-Annex-Human-Resources.pdf","SKIPPED","406839","https://www.tru.ca/__shared/assets/level-1-energy-study-2022-human-resources-building64238.pdf","2026-08-14T15:53:10",""
"2","TRU","2022_TRU_Level-1-Energy-Study-2022-International-Building.pdf","SKIPPED","515952","https://www.tru.ca/__shared/assets/level-1-energy-study-2022-international-building64239.pdf","2026-08-14T15:53:14",""
"2","TRU","2022_TRU_Level-1-Energy-Study-2022-Trades-and-Technology.pdf","SKIPPED","525941","https://www.tru.ca/__shared/assets/level-1-energy-study-2022-trades64240.pdf","2026-08-14T15:53:18",""
"2","TRU","2022_TRU_Level-1-Energy-Study-2022-Animal-Health.pdf","SKIPPED","531453","https://www.tru.ca/__shared/assets/level-1-energy-study-2022-animal-health64241.pdf","2026-08-14T15:53:22",""
"2","TRU","2022_TRU_Level-1-Energy-Study-2022-Clock-Tower.pdf","SKIPPED","489041","https://www.tru.ca/__shared/assets/level-1-energy-study-2022-clock-tower64242.pdf","2026-08-14T15:53:25",""
"2","TRU","2022_TRU_Level-1-Energy-Study-2022-Gymnasium.pdf","SKIPPED","513282","https://www.tru.ca/__shared/assets/level-1-energy-study-2022-gymnasium64243.pdf","2026-08-14T15:53:29",""
"2","TRU","2022_TRU_Level-1-Energy-Study-2022-Materials-Distribution-Centre.pdf","SKIPPED","613555","https://www.tru.ca/__shared/assets/level-1-energy-study-2022-materials-distribution-centre64244.pdf","2026-08-14T15:53:33",""
"2","TRU","2016_TRU_Fortis-Custom-Design-Animal-Health-Building-Energy-Assessment.pdf","SKIPPED","815448","https://www.tru.ca/__shared/assets/Animal_Health_Building_Energy_Assessment40766.pdf","2026-08-14T15:53:38",""
"2","TRU","2016_TRU_Fortis-Custom-Design-Gym-and-CAC-Domestic-Hot-Water-Energy-Assessment.pdf","SKIPPED","369828","https://www.tru.ca/__shared/assets/Gym___CAC_Domestic_Hot_Water_Energy_Assessment40767.pdf","2026-08-14T15:53:40",""
"2","TRU","2016_TRU_Fortis-Custom-Design-Arts-and-Education-Building-Energy-Assessment.pdf","SKIPPED","924993","https://www.tru.ca/__shared/assets/Arts___Education_Building_Energy_Assessment40768.pdf","2026-08-14T15:53:42",""
"2","TRU","2016_TRU_Fortis-Custom-Design-Clock-Tower-Building-Energy-Assessment.pdf","SKIPPED","800731","https://www.tru.ca/__shared/assets/Clock_Tower_Building_Energy_Assessment40769.pdf","2026-08-14T15:53:44",""
"2","TRU","2016_TRU_Fortis-Custom-Design-Culinary-Arts-Building-Energy-Assessment.pdf","SKIPPED","899534","https://www.tru.ca/__shared/assets/Culinary_Arts_Building_Energy_Assessment40770.pdf","2026-08-14T15:53:47",""
"2","TRU","2016_TRU_Fortis-Custom-Design-Science-Building-Energy-Assessment.pdf","SKIPPED","1053987","https://www.tru.ca/__shared/assets/Science_Building_Energy_Assessment40771.pdf","2026-08-14T15:53:49",""
"2","TRU","2025_TRU_TRU-Sustainability-Literacy-Assessment-Report-2025.pdf","SKIPPED","530183","https://www.tru.ca/__shared/assets/2025-literacy-assessment-report65172.pdf","2026-08-14T15:53:51",""
"2","TRU","2022_TRU_TRU-Sustainability-Post-Literacy-Assessment-Survey-Student-Report-2022.pdf","SKIPPED","1397837","https://www.tru.ca/__shared/assets/student-report-2022-sustainability-post-literacy-assessment-survey55959.pdf","2026-08-14T15:53:53",""
"2","TRU","2021_TRU_TRU-SLAS-2021-Employee-Report.pdf","SKIPPED","957690","https://www.tru.ca/__shared/assets/slas-2021-tru-employee-report53380.pdf","2026-08-14T15:53:55",""
"2","TRU","2021_TRU_TRU-SLAS-2021-Student-Report.pdf","SKIPPED","1090889","https://www.tru.ca/__shared/assets/slas-2021-tru-student-report53379.pdf","2026-08-14T15:53:57",""
"2","TRU","2022_TRU_TRU-STARS-Report-2022-Platinum-self-hosted-full-submission.pdf","SKIPPED","1873401","https://www.tru.ca/__shared/assets/tru-stars-report56740.pdf","2026-08-14T15:53:59",""
"2","TRU","2017_TRU_TRU-Workplace-Conservation-Awareness-and-Zero-Waste-Quiz-Results-Fall-2017.pdf","SKIPPED","1016046","https://www.tru.ca/__shared/assets/TRU_Zero_Waste_201733146.pdf","2026-08-14T15:54:00",""
"3","UBC Vancouver","nd_UBCV_CAP2030-Progress-Dashboard.url","LINK-SAVED","0","https://planning.ubc.ca/CAP2030dashboard","2026-08-18T14:14:52",""
"3","UBC Vancouver","nd_UBCV_SEEDS-Sustainability-Library-2-241-projects.url","LINK-SAVED","0","https://sustain.ubc.ca/programs/seeds-sustainability-program/seeds-sustainability-library","2026-08-18T14:14:52",""
"3","UBC Vancouver","nd_UBCV_Sustainability-Scholars-Project-Library.url","LINK-SAVED","0","https://sustain.ubc.ca/programs/sustainability-scholars-program/project-library","2026-08-18T14:14:52",""
"3","UBC Vancouver","nd_UBCV_Sustainable-Purchasing-Guide.url","LINK-SAVED","0","https://finance.ubc.ca/procure-pay/sustainable-purchasing-guide","2026-08-18T14:14:52",""
"3","UBC Vancouver","nd_UBCV_Supplier-Code-of-Conduct.url","LINK-SAVED","0","https://finance.ubc.ca/doing-business-with-ubc/inclusion-in-procurement/supplier-code-of-conduct/","2026-08-18T14:14:52",""
"3","UBC Vancouver","nd_UBCV_Internal-Carbon-Pricing-Project.url","LINK-SAVED","0","https://sds.ubc.ca/node/140","2026-08-18T14:14:52",""
"3","UBC Vancouver","nd_UBCV_UBC-Sustainability-Dashboards-overview-energy-water-waste-transport.url","LINK-SAVED","0","https://sustain.ubc.ca/dashboard/overview","2026-08-18T14:14:52",""
"3","UBC Vancouver","nd_UBCV_Campus-Energy-Visualization-Map.url","LINK-SAVED","0","https://facilities.ubc.ca/infrastructure-and-systems/utilities-metrics-and-data/campus-energy-visualization-map/","2026-08-18T14:14:52",""
"3","UBC Vancouver","nd_UBCV_Green-Labs-Certification-Program.url","LINK-SAVED","0","https://sustain.ubc.ca/programs/green-labs-program/green-lab-certification","2026-08-18T14:14:52",""
"3","UBC Vancouver","2015_UBCV_STARS-Report-2015-v2.0-Gold-expired-2018.url","LINK-SAVED","0","https://reports.aashe.org/institutions/university-of-british-columbia-bc/report/2015-08-04/","2026-08-18T14:14:52",""
"3","UBC Vancouver","nd_UBCV_Food-Security-Initiative-Terms-of-Reference.url","LINK-SAVED","0","https://wellbeing.ubc.ca/FSITermsofReference","2026-08-18T14:14:52",""
"3","UBC Okanagan","nd_UBCO_ProPass-employee-transit-pass-program.url","LINK-SAVED","0","https://campusplanning.ok.ubc.ca/transportation/travel-options/transit/propass/","2026-08-18T14:14:52",""
"3","UBC Okanagan","nd_UBCO_UBCO-U-Pass-BC-FAQ-program-terms.url","LINK-SAVED","0","https://trek.sites.olt.ubc.ca/okanagan-campus/ubco-upass-faq/","2026-08-18T14:14:52",""
"3","UBC Okanagan","nd_UBCO_UBC-Okanagan-Indigenous-Engagement-TRC-Commitments.url","LINK-SAVED","0","https://ok.ubc.ca/about/indigenous-engagement/","2026-08-18T14:14:52",""
"3","UBC Okanagan","2015_UBCO_Okanagan-Charter-Final-Development-Report.url","LINK-SAVED","0","https://open.library.ubc.ca/soa/cIRcle/collections/53926/items/1.0372504","2026-08-18T14:14:52",""
"3","UBC Okanagan","2022_UBCO_Climate-Resilient-Kelowna-Tracker.url","LINK-SAVED","0","https://climateresilience.kelowna.ca/","2026-08-18T14:14:52",""
"3","UVic","2023_UVic_CSAP-2030-Actions-interactive-web-page.url","LINK-SAVED","0","https://www.uvic.ca/about-uvic/climate-sustainability-plan/csap-actions.php","2026-08-18T14:14:52",""
"3","UVic","nd_UVic_Sustainable-Procurement-Initiative.url","LINK-SAVED","0","https://www.uvic.ca/purchasing/vendors/sustainableprocurement/index.php","2026-08-18T14:14:52",""
"3","UVic","nd_UVic_UVic-Foundation-Responsible-Investment-program-page.url","LINK-SAVED","0","https://www.uvic.ca/uvic-foundation/responsible-investment/index.php","2026-08-18T14:14:52",""
"3","UVic","2019_UVic_UVic-$80M-fossil-fuel-divestment-news-coverage.url","LINK-SAVED","0","https://www.cbc.ca/news/canada/british-columbia/uvic-fossil-fuel-investments-1.5899220","2026-08-18T14:14:52",""
"3","UVic","nd_UVic_Sustainability-Advisory-Committee-mandate.url","LINK-SAVED","0","https://www.uvic.ca/campusplanning/about/committees/sustainabilityadvisorycommittee/index.php","2026-08-18T14:14:52",""
"3","UVic","nd_UVic_UN-Sustainable-Development-Goals-at-UVic.url","LINK-SAVED","0","https://www.uvic.ca/about-uvic/un-sdg-uvic/index.php","2026-08-18T14:14:52",""
"3","UVic","nd_UVic_District-Energy-Plant-DEP-Electrification-Project.url","LINK-SAVED","0","https://www.uvic.ca/campusplanning/current-projects/dep-electrification-project/index.php","2026-08-18T14:14:52",""
"3","UVic","2023_UVic_AASHE-STARS-Report-UVic-Platinum-85.74.url","LINK-SAVED","0","https://reports.aashe.org/institutions/university-of-victoria-bc/report/2023-12-13/","2026-08-18T14:14:52",""
"3","UVic","2020_UVic_UVic-STARS-Report-2020-Gold-era.url","LINK-SAVED","0","https://reports.aashe.org/institutions/university-of-victoria-bc/report/2020-05-05/","2026-08-18T14:14:52",""
"3","SFU","2025_SFU_2030-Sustainability-Climate-and-Resilience-Strategy.url","LINK-SAVED","0","https://www.sfu.ca/sustainability/sustainability-plan/sustainability-strategy.html","2026-08-18T14:14:52",""
"3","SFU","2025_SFU_Design-and-Definitions-strategy-methodology.url","LINK-SAVED","0","https://www.sfu.ca/sustainability/sustainability-plan/sustainability-strategy/design-and-definitions.html","2026-08-18T14:14:52",""
"3","SFU","2025_SFU_2020-2025-Sustainability-and-Climate-Action-Report.url","LINK-SAVED","0","https://www.sfu.ca/sustainability/reports/24-25.html","2026-08-18T14:14:52",""
"3","SFU","2018_SFU_STARS-Report-2018-v2.1-Gold-73.90-expired-2021.url","LINK-SAVED","0","https://reports.aashe.org/institutions/simon-fraser-university-bc/report/2018-10-05/","2026-08-18T14:14:52",""
"3","SFU","nd_SFU_Responsible-Investment-Policy-Board-Policy-B10.16.url","LINK-SAVED","0","https://www.sfu.ca/policies/gazette/board/B10-16.html","2026-08-18T14:14:52",""
"3","SFU","2021_SFU_SFU-commits-to-full-fossil-fuel-divestment-President's-statement.url","LINK-SAVED","0","https://www.sfu.ca/president/statements/community-messages/2021/sfu-commits-to-full-divestment-from-fossil-fuels.html","2026-08-18T14:14:52",""
"3","SFU","2026_SFU_SFU-completes-fossil-fuel-divestment-news-release.url","LINK-SAVED","0","https://www.sfu.ca/sfunews/stories/2026/01/sfu-completes-fossil-fuel-divestment--reinforcing-commitment-to-.html","2026-08-18T14:14:52",""
"3","SFU","nd_SFU_Sustainable-Procurement-program.url","LINK-SAVED","0","https://www.sfu.ca/finance/services/procurement/sustainable-procurement.html","2026-08-18T14:14:52",""
"3","SFU","nd_SFU_Purchasing-Policy-AD-11.01.url","LINK-SAVED","0","https://www.sfu.ca/policies/gazette/administrative/ad11-01.html","2026-08-18T14:14:52",""
"3","SFU","nd_SFU_Ethical-Procurement-Policy-AD-11.21.url","LINK-SAVED","0","https://www.sfu.ca/policies/gazette/administrative/ad11-21.html","2026-08-18T14:14:52",""
"3","SFU","2010_SFU_Green-Labs-Program.url","LINK-SAVED","0","https://www.sfu.ca/fs/projects-initiatives/sustainable-initiatives/energy-conservation/green-labs.html","2026-08-18T14:14:52",""
"3","SFU","nd_SFU_Waste-Reduction-Four-Stream-Waste-System.url","LINK-SAVED","0","https://www.sfu.ca/fs/projects-initiatives/sustainable-initiatives/waste-reduction.html","2026-08-18T14:14:52",""
"3","SFU","nd_SFU_Alternative-Transportation-Parking-Sustainable-Mobility.url","LINK-SAVED","0","https://www.sfu.ca/parking/alternative-transport.html","2026-08-18T14:14:52",""
"3","SFU","nd_SFU_U-Pass-BC-general-info.url","LINK-SAVED","0","https://www.sfu.ca/students/enrolment-services/upass/general-info.html","2026-08-18T14:14:52",""
"3","SFU","nd_SFU_EV-Charging-Stations-page.url","LINK-SAVED","0","https://www.sfu.ca/parking/alternative-transport/ev-charging-stations.html","2026-08-18T14:14:52",""
"3","SFU","nd_SFU_New-EV-Charger-Additions-Support-Emissions-Goals.url","LINK-SAVED","0","https://www.sfu.ca/vpfa/news-events/news/ev-charging.html","2026-08-18T14:14:52",""
"3","SFU","nd_SFU_Analyzing-travel-patterns-to-SFU-Steer-Group.url","LINK-SAVED","0","https://steergroup.com/projects/analyzing-travel-patterns-simon-fraser-university","2026-08-18T14:14:52",""
"3","SFU","2022_SFU_Embedding-Sustainability-and-Climate-Action-ESCA-Framework.url","LINK-SAVED","0","https://www.sfu.ca/sustainability/about/our-approach/esca.html","2026-08-18T14:14:52",""
"3","SFU","nd_SFU_Sustainability-Policy-GP-38.url","LINK-SAVED","0","https://www.sfu.ca/policies/gazette/general/gp38.html","2026-08-18T14:14:52",""
"3","SFU","nd_SFU_Sustainability-and-Climate-Office-About.url","LINK-SAVED","0","https://www.sfu.ca/sustainability/about/sfu-sustainability.html","2026-08-18T14:14:52",""
"3","SFU","nd_SFU_Sustainable-Development-Goals-hub.url","LINK-SAVED","0","https://www.sfu.ca/sustainable-development-goals.html","2026-08-18T14:14:52",""
"3","SFU","nd_SFU_Sustainability-Impact-Measurement-Initiative-SIMI.url","LINK-SAVED","0","https://www.sfu.ca/sustainability/commitments-initiatives.html","2026-08-18T14:14:52",""
"3","SFU","nd_SFU_EV-Charging-Alliance-resource-hub.url","LINK-SAVED","0","https://foresightcac.com/report/electric-vehicle-charging-alliance","2026-08-18T14:14:52",""
"3","SFU","nd_SFU_Foresight-Canada-research-requests-contact.url","LINK-SAVED","0","https://foresightcac.com/research-requests","2026-08-18T14:14:52",""
"3","SFU","nd_SFU_Foresight-Canada-infrastructure-clean-energy-hub.url","LINK-SAVED","0","https://foresightcac.com/infrastructure#clean-energy","2026-08-18T14:14:52",""
"3","SFU","nd_SFU_SFU-Facilities-Sustainable-Development.url","LINK-SAVED","0","https://www.sfu.ca/fs/projects-initiatives/sustainable-initiatives/sustainable-development.html","2026-08-18T14:14:52",""
"3","SFU","2020_SFU_Sustainable-Energy-and-Engineering-Building-SE3P-Surrey.url","LINK-SAVED","0","https://reveryarchitecture.com/projects/sfu-sustainable-energy-and-engineering-building/","2026-08-18T14:14:52",""
"3","TRU","2024_TRU_Low-Carbon-District-Energy-System-LCDES.url","LINK-SAVED","0","https://www.tru.ca/sustainability/lcdes.html","2026-08-18T14:14:52",""
"3","TRU","2022_TRU_TRU-STARS-Report-v2.2-Platinum-86.17.url","LINK-SAVED","0","https://reports.aashe.org/institutions/thompson-rivers-university-bc/report/2022-05-31/","2026-08-18T14:14:52",""
"3","TRU","2018_TRU_TRU-STARS-Report-v2.1-Platinum.url","LINK-SAVED","0","https://reports.aashe.org/institutions/thompson-rivers-university-bc/report/2018-05-31/","2026-08-18T14:14:52",""
"3","TRU","2011_TRU_TRU-STARS-Reports-v2.0-2015-Gold-and-v1.1-2011-Silver.url","LINK-SAVED","0","https://reports.aashe.org/institutions/thompson-rivers-university-bc/report/2015-03-03/","2026-08-18T14:14:52",""
"3","UFV","2023_UFV_Sustainability-Action-Pathway-in-development.url","LINK-SAVED","0","https://www.ufv.ca/sustainable-ufv/commitment/plans-policies-reports/sustainability-action-pathway/","2026-08-18T14:14:52",""
"3","UFV","2024_UFV_Energy-and-Climate-Resilience-Pathway-Plan-in-development.url","LINK-SAVED","0","https://www.ufv.ca/sustainable-ufv/commitment/plans-policies-reports/climate-resilience-pathway/","2026-08-18T14:14:52",""
"3","UFV","2026_UFV_UFV-STARS-Report-v3.0-Gold-69.12.url","LINK-SAVED","0","https://reports.aashe.org/institutions/university-of-the-fraser-valley-bc/report/2026-04-21/","2026-08-18T14:14:52",""
"3","UFV","2023_UFV_UFV-STARS-Report-v2.2-Silver.url","LINK-SAVED","0","https://reports.aashe.org/institutions/university-of-the-fraser-valley-bc/report/2023-01-31/","2026-08-18T14:14:52",""
"3","UFV","nd_UFV_UFV-and-the-17-SDGs-SDG-Aligned-Courses-tool.url","LINK-SAVED","0","https://www.ufv.ca/sustainable-ufv/sustainability-initiatives/ufv-and-the-17-sdgs/","2026-08-18T14:14:52",""
"3","UFV","nd_UFV_Xwexwilmexwawt-UFV-Strategic-Indigenization-Plan.url","LINK-SAVED","0","https://www.ufv.ca/indigenous/indigenization/strategic-plan/","2026-08-18T14:14:52",""
"3","UFV","nd_UFV_UFV-Office-of-Sustainability-About-Us-org-structure.url","LINK-SAVED","0","https://www.ufv.ca/sustainable-ufv/commitment/about-us/","2026-08-18T14:14:52",""
"3","Camosun College","2015_Camosun_Camosun-STARS-Report-page.url","LINK-SAVED","0","https://camosun.ca/about/sustainability/sustainability-plan/stars-report","2026-08-18T14:14:52",""
"3","BCIT","2024_BCIT_BCIT-STARS-Report-Silver.url","LINK-SAVED","0","https://reports.aashe.org/institutions/british-columbia-institute-of-technology-bc/report/2024-08-20/","2026-08-18T14:14:52",""
"3","BCIT","nd_BCIT_Zero-Energy-Emissions-Buildings-Learning-Centre-ZEBLC.url","LINK-SAVED","0","https://www.bcit.ca/zero-energy-building/","2026-08-18T14:14:52",""
"3","BCIT","nd_BCIT_BCIT-ZEB-microcredential-catalogue.url","LINK-SAVED","0","https://www.bcit.ca/zero-energy-building/programs/","2026-08-18T14:14:52",""
"3","BCIT","nd_BCIT_BCIT-Electric-Vehicles-program-area.url","LINK-SAVED","0","https://www.bcit.ca/transportation/areas-of-study/automotive/electric-vehicles/","2026-08-18T14:14:52",""
"3","VIU","2022_VIU_VIU-Position-Statement-on-Climate-Action-and-Sustainability.url","LINK-SAVED","0","https://news.viu.ca/vancouver-island-universitys-position-statement-climate-action-and-sustainability","2026-08-18T14:14:52",""
"3","VIU","nd_VIU_VIU-Sustainability-Initiatives.url","LINK-SAVED","0","https://adm.viu.ca/sustainability/viu-sustainability-initiatives","2026-08-18T14:14:52",""
"3","Sector / CICan","2025_CICan_Green-Training-Modules-for-Trades-Educators-CICan-ImpAct-Climate.url","LINK-SAVED","0","https://www.collegesinstitutes.ca/news-release/green-training-modules-for-trades-educators-to-support-sustainable-housing-construction/","2026-08-18T14:14:52",""
"3","Sector / CICan","nd_CICan_CICan-ImpAct-Climate-program.url","LINK-SAVED","0","https://www.collegesinstitutes.ca/news-release/green-training-modules-for-trades-educators-to-support-sustainable-housing-construction/","2026-08-18T14:14:52",""
"3","College of the Rockies","2021_CofR_Electric-Vehicle-Maintenance-Technology-certificate.url","LINK-SAVED","0","https://cotr.bc.ca/programs/electric-vehicle-training/","2026-08-18T14:14:52",""
"3","College of the Rockies","2022_CofR_College-of-the-Rockies-Sustainability-SDG-Progress-Reports.url","LINK-SAVED","0","https://cotr.bc.ca/about-us/sustainability/","2026-08-18T14:14:52",""
"3","Douglas College","2022_Douglas_Douglas-College-STARS-Report-Silver-46.21.url","LINK-SAVED","0","https://reports.aashe.org/institutions/douglas-college-bc/report/2022-08-23/","2026-08-18T14:14:52",""
"3","Douglas College","nd_Douglas_Climate-Action-and-Environmental-Sustainability-page.url","LINK-SAVED","0","https://www.douglascollege.ca/about-douglas/college-initiatives/climate-action-and-environmental-sustainability","2026-08-18T14:14:52",""
"3","Langara College","2021_Langara_Langara-STARS-Report-Silver-51.63.url","LINK-SAVED","0","https://reports.aashe.org/institutions/langara-college-bc/report/2021-06-24/","2026-08-18T14:14:52",""
"3","Langara College","2026_Langara_Langara-Planning-and-Reporting-+-2025-CCAR.url","LINK-SAVED","0","https://langara.ca/media/16679/download?inline","2026-08-18T14:14:52",""
"3","KPU","nd_KPU_KPU-Electric-Vehicle-Maintenance-Training.url","LINK-SAVED","0","https://www.kpu.ca/trades/auto/electric-vehicle-maintenance-training","2026-08-18T14:14:52",""
"3","KPU","nd_KPU_KPU-Sustainable-Food-Systems-and-Security-programs.url","LINK-SAVED","0","https://www.kpu.ca/arts/sustainable-food-systems-security","2026-08-18T14:14:52",""
"3","Royal Roads University","2022_RRU_Royal-Roads-Climate-Action-Plan-2022-2027.url","LINK-SAVED","0","https://www.royalroads.ca/ClimateActionPlan","2026-08-18T14:14:52",""
"3","UNBC","2026_UNBC_UNBC-AASHE-STARS-Reports-Gold-68.83.url","LINK-SAVED","0","https://www.unbc.ca/sustainability/aashe-stars-reports","2026-08-18T14:14:52",""
"3","UNBC","2011_UNBC_UNBC-Bioenergy-Plant-Canada's-Green-University.url","LINK-SAVED","0","https://www.unbc.ca/sustainability/bioenergy-plant-image-gallery","2026-08-18T14:14:52",""
"3","Northern Lights College","2025_NLC_Centre-for-Applied-Energy-and-Environmental-Sustainability-CAEES.url","LINK-SAVED","0","https://www.nlc.bc.ca/college-news/northern-lights-college-launches-centre-for-applied-energy-and-environmental-sustainability-to-drive-energy-innovation-in-northeast-bc/","2026-08-18T14:14:52",""
"3","North Island College","2025_NIC_NIC-Comox-campus-solar-installation.url","LINK-SAVED","0","https://smallplanetenergy.ca/north-island-college-solar-installation-complete/","2026-08-18T14:14:52",""
"3","North Island College","nd_NIC_NIC-SPARK-initiative-unverified.url","LINK-SAVED","0","https://www.linkedin.com/","2026-08-18T14:14:52",""
"3","Coast Mountain College","nd_CMC_Applied-Coastal-Ecology-Environmental-Geoscience-diplomas.url","LINK-SAVED","0","https://www.coastmountaincollege.ca/programs/study/science/coast-mountain-ecology","2026-08-18T14:14:52",""
"3","College of New Caledonia","nd_CNC_CNC-Strategic-Plan-#CNCNext50.url","LINK-SAVED","0","https://cnc.bc.ca/docs/default-source/about/initiatives-reports/strategic-plan/strategic-plan","2026-08-18T14:14:52",""
"3","BC Government / Sector","nd_BCGov_Carbon-Neutral-Government-program-overview.url","LINK-SAVED","0","https://www2.gov.bc.ca/gov/content/environment/climate-change/public-sector/carbon-neutral","2026-08-18T14:14:52",""
"3","BC Government / Sector","nd_BCGov_AASHE-Rated-Institutions-directory.url","LINK-SAVED","0","https://reports.aashe.org/institutions/rated/","2026-08-18T14:14:52",""
"4","VCC","2025_VCC_Climate-Change-Accountability-Report-2025.pdf","OK","2408566","https://www2.gov.bc.ca/assets/gov/environment/climate-change/cnar/2025/ps/vancouver_community_college_2025_ccar.pdf","2026-08-18T14:14:57",""
"4","VCC","2014_VCC_Environmental-Sustainability-Strategy-2014-2017.pdf","OK","3175131","https://www.vcc.ca/media/vancouver-community-college/content-assets/documents/news-events/Enviro_Strat_Plan_14-17_FINAL.pdf","2026-08-18T14:15:02",""
"4","VCC","2025_VCC_Centre-for-Clean-Energy-and-Automotive-Innovation.url","LINK-SAVED","0","https://www.vcc.ca/about/college-information/news/article/new-centre-for-clean-energy-and-automotive-innovation-coming-to-great-northern-w.html","2026-08-18T14:15:02",""
"4","VCC","2023_VCC_CCEAI-Province-of-BC-announcement.url","LINK-SAVED","0","https://news.gov.bc.ca/releases/2023PREM0044-001195","2026-08-18T14:15:02",""
"4","VCC","2025_VCC_Clean-Energy-Technology-Diploma-and-Wind-Turbine-Technician.url","LINK-SAVED","0","https://educationnewscanada.com/article/education/level/colleges/2/1167635/how-vcc-is-evolving-to-meet-future-clean-energy-labour-market-demands.html","2026-08-18T14:15:02",""
"4","VCC","2025_VCC_Top-5-Sustainability-Initiatives.url","LINK-SAVED","0","https://www.vcc.ca/about/college-information/news/article/vccs-top-5-sustainability-initiatives.html","2026-08-18T14:15:02",""
"4","Capilano University","2025_CapU_Climate-Change-Accountability-Report-2025.pdf","OK","1102815","https://www2.gov.bc.ca/assets/gov/environment/climate-change/cnar/2025/ps/capilano_university_2025_ccar.pdf","2026-08-18T14:15:04",""
"4","Capilano University","2024_CapU_Illuminating-2030-Academic-Plan-Summary.pdf","OK","873008","https://www.capilanou.ca/media/capilanouca/about-capu/governance/presidentx27s-office/reports-amp-initiatives/illuminating-2030/Illuminating-2030-Summary-Document.pdf","2026-08-18T14:15:06",""
"4","Capilano University","2024_CapU_STARS-Report-Silver-55.02.url","LINK-SAVED","0","https://reports.aashe.org/institutions/capilano-university-bc/report/2024-07-02/","2026-08-18T14:15:06",""
"4","Capilano University","2025_CapU_Sustainability-Goals-Are-We-On-Track-progress-review.url","LINK-SAVED","0","https://www.capilanocourier.com/2025/03/01/capus-sustainability-goals-are-we-on-track/","2026-08-18T14:15:06",""
"4","Capilano University","2023_CapU_Squamish-MOU-13-Collaboration-Areas.url","LINK-SAVED","0","https://www.squamishreporter.com/2023/10/20/13-things-capilano-university-and-squamish-plan-to-work-on/","2026-08-18T14:15:06",""
"4","Capilano University","nd_CapU_Envisioning-2030-strategic-plan.url","LINK-SAVED","0","https://www.capilanou.ca/about-capu/governance/presidents-office/strategic-initiatives/envisioning-2030/","2026-08-18T14:15:06",""
"4","Emily Carr University","2025_ECU_Climate-Change-Accountability-Report-2025.pdf","OK","400284","https://www2.gov.bc.ca/assets/gov/environment/climate-change/cnar/2025/ps/emily_carr_2025_ccar.pdf","2026-08-18T14:15:07",""
"4","Emily Carr University","nd_ECU_Sustainability-and-Climate-Action-Plan-townhall-draft.url","LINK-SAVED","0","https://www.ecuad.ca/events/sustainability-climate-action-plan-community-townhall","2026-08-18T14:15:07",""
"4","Emily Carr University","2021_ECU_Climate-Action-at-ECU-update.url","LINK-SAVED","0","https://www.ecuad.ca/updates/climate-action-at-ecu","2026-08-18T14:15:07",""
"4","JIBC","2025_JIBC_Climate-Change-Accountability-Report-2025.pdf","OK","1212572","https://www2.gov.bc.ca/assets/gov/environment/climate-change/cnar/2025/ps/justice_institue_of_bc_2025_ccar.pdf","2026-08-18T14:15:09",""
"4","JIBC","2025_JIBC_STARS-Report-Bronze-32.33.url","LINK-SAVED","0","https://reports.aashe.org/institutions/justice-institute-of-british-columbia-bc/report/","2026-08-18T14:15:09",""
"4","JIBC","nd_JIBC_Emergency-and-Disaster-Management-programs.url","LINK-SAVED","0","https://www.jibc.ca/areas-of-study/emergency-management","2026-08-18T14:15:09",""
"4","NVIT","2025_NVIT_Climate-Change-Accountability-Report-2025.pdf","OK","354385","https://www2.gov.bc.ca/assets/gov/environment/climate-change/cnar/2025/ps/nicola_valley_institute_of_technology_2025_ccar.pdf","2026-08-18T14:15:10",""
"4","NVIT","2018_NVIT_Centre-of-Excellence-in-Sustainability-building.url","LINK-SAVED","0","https://meiklejohn.ca/projects/education/nvit-centre-of-excellence-in-sustainability/","2026-08-18T14:15:10",""
"4","NVIT","2026_NVIT_Indigenous-Leading-Practices-Community-Based-Assessment.url","LINK-SAVED","0","https://www2.gov.bc.ca/gov/content/education-training/post-secondary-education/aboriginal-education-training/indigenous-leading-practices/case-study-nvit","2026-08-18T14:15:10",""
